alphaCode,commonName,scientificName,ebirdCode
ABTO,Abert's Towhee,Melozone aberti,abetow
ACFL,Acadian Flycatcher,Empidonax virescens,acafly
ACWO,Acorn Woodpecker,Melanerpes formicivorus,acowoo
ADWA,Adelaide's Warbler,Setophaga adelaidae,adewar1
AFCD,African Collared-Dove,Streptopelia roseogrisea,afcdov1
AFSI,African Silverbill,Euodice cantans,afrsil1
AGHE,Agami Heron,Agamia agami,agaher1
AISP,Ainley's Storm-Petrel,Hydrobates cheimomnestes,leastp2
AKEK,Akekee,Loxops caeruleirostris,akekee
AKIA,Akiapolaau,Hemignathus wilsoni,akiapo
AKIK,Akikiki,Oreomystis bairdi,akikik
AKOH,Akohekohe,Palmeria dolei,crehon
ALFL,Alder Flycatcher,Empidonax alnorum,aldfly
ALTE,Aleutian Tern,Onychoprion aleuticus,aleter1
ALHU,Allen's Hummingbird,Selasphorus sasin,allhum
ALSW,Alpine Swift,Tachymarptis melba,alpswi1
ALOR,Altamira Oriole,Icterus gularis,altori
ALYE,Altamira Yellowthroat,Geothlypis flavovelata,altyel1
AMAU,Amaui,Myadestes woahensis,amaui
AMHU,Amazilia Hummingbird,Amazilis amazilia,amahum1
AMKI,Amazon Kingfisher,Chloroceryle amazona,amakin1
AMAV,American Avocet,Recurvirostra americana,ameavo
ABOW,American Barn Owl,Tyto furcata,brnowl
AMBI,American Bittern,Botaurus lentiginosus,amebit
ABDU,American Black Duck,Anas rubripes,ambduc
AMCO,American Coot,Fulica americana,y00475
AMCR,American Crow,Corvus brachyrhynchos,amecro
AMDI,American Dipper,Cinclus mexicanus,amedip
AMFL,American Flamingo,Phoenicopterus ruber,grefla2
AMGP,American Golden-Plover,Pluvialis dominica,amgplo
AGOL,American Goldfinch,Spinus tristis,amegfi
AGOS,American Goshawk,Astur atricapillus,norgos
AHGU,American Herring Gull,Larus smithsonianus,amhgul1
AMKE,American Kestrel,Falco sparverius,amekes
AMOY,American Oystercatcher,Haematopus palliatus,ameoys
AMPI,American Pipit,Anthus rubescens,amepip
APKI,American Pygmy Kingfisher,Chloroceryle aenea,ampkin1
AMRE,American Redstart,Setophaga ruticilla,amered
AMRO,American Robin,Turdus migratorius,amerob
ATTW,American Three-toed Woodpecker,Picoides dorsalis,attwoo1
ATSP,American Tree Sparrow,Spizelloides arborea,amtspa
AWPE,American White Pelican,Pelecanus erythrorhynchos,amwpel
AMWI,American Wigeon,Mareca americana,amewig
AMWO,American Woodcock,Scolopax minor,amewoo
ATMG,Amethyst-throated Mountain-gem,Lampornis amethystinus,amthum1
ANMU,Ancient Murrelet,Synthliboramphus antiquus,ancmur
ANHI,Anhinga,Anhinga anhinga,anhing
ANIA,Anianiau,Magumma parva,aniani
ANHU,Anna's Hummingbird,Calypte anna,annhum
ANCH,Antillean Crested Hummingbird,Orthorhyncus cristatus,anchum1
ANNI,Antillean Nighthawk,Chordeiles gundlachii,antnig
ANPI,Antillean Piculet,Nesoctites micromegas,antpic1
ANSI,Antillean Siskin,Spinus dominicensis,antsis1
APAP,Apapane,Himatione sanguinea,apapan
APFA,Aplomado Falcon,Falco femoralis,aplfal
ARLO,Arctic Loon,Gavia arctica,arcloo
ARTE,Arctic Tern,Sterna paradisaea,arcter
ARWA,Arctic Warbler,Phylloscopus borealis,arcwar1
ARWO,Arizona Woodpecker,Leuconotopicus arizonae,ariwoo
ARRW,Arrowhead Warbler,Setophaga pharetra,arrwar1
ATFL,Ash-throated Flycatcher,Myiarchus cinerascens,astfly
ASSP,Ashy Storm-Petrel,Hydrobates homochroa,asspet
AFOW,Ashy-faced Owl,Tyto glaucops,asfowl1
ATCH,Ashy-throated Chlorospingus,Chlorospingus canigularis,atbtan1
ABFL,Asian Brown Flycatcher,Muscicapa dauurica,asbfly
ASRF,Asian Rosy-Finch,Leucosticte arctoa,asrfin1
ATGR,Atitlan Grebe,Podilymbus gigas,atigre1
ATPU,Atlantic Puffin,Fratercula arctica,atlpuf
AUOR,Audubon's Oriole,Icterus graduacauda,audori
AZRA,Aztec Rail,Rallus tenuirostris,kinrai2
AZTH,Aztec Thrush,Ridgwayia pinicola,aztthr
AZGA,Azure Gallinule,Porphyrio flavirostris,azugal1
AZCH,Azure-crowned Hummingbird,Saucerottia cyanocephala,azchum1
AHJA,Azure-hooded Jay,Cyanolyca cucullata,azhjay1
ARTA,Azure-rumped Tanager,Poecilostreptus cabanisi,azrtan1
BACS,Bachman's Sparrow,Peucaea aestivalis,bacspa
BAWA,Bachman's Warbler,Vermivora bachmanii,bacwar
BAMO,Bahama Mockingbird,Mimus gundlachii,bahmoc
BANU,Bahama Nuthatch,Sitta insularis,bnhnut2
BAHO,Bahama Oriole,Icterus northropi,graori3
BAHS,Bahama Swallow,Tachycineta cyaneoviridis,bahswa
BAHW,Bahama Warbler,Setophaga flavescens,yetwar3
BAWO,Bahama Woodstar,Nesophlox evelynae,bahwoo
BAYE,Bahama Yellowthroat,Geothlypis rostrata,bahyel1
BATE,Baikal Teal,Sibirionetta formosa,baitea
BAJU,Baird's Junco,Junco bairdi,yeejun2
BASA,Baird's Sandpiper,Calidris bairdii,baisan
BAIS,Baird's Sparrow,Centronyx bairdii,baispa
BATR,Baird's Trogon,Trogon bairdii,baitro1
BAEA,Bald Eagle,Haliaeetus leucocephalus,baleag
BASO,Balsas Screech-Owl,Megascops seductus,basowl
BAOR,Baltimore Oriole,Icterus galbula,balori
BANA,Bananaquit,Coereba flaveola,banana
BABW,Band-backed Wren,Campylorhynchus zonatus,babwre1
BSTP,Band-rumped Storm-Petrel,Hydrobates castro,barpet
BRSW,Band-rumped Swift,Chaetura spinicaudus,barswi
BTBA,Band-tailed Barbthroat,Threnetes ruckeri,batbar1
BTPI,Band-tailed Pigeon,Patagioenas fasciata,batpig1
BAQU,Banded Quail,Philortyx fasciatus,banqua1
BANW,Banded Wren,Thryophilus pleurostictus,banwre1
BANS,Bank Swallow,Riparia riparia,banswa
BTGO,Bar-tailed Godwit,Limosa lapponica,batgod
BWOR,Bar-winged Oriole,Icterus maculialatus,bawori1
BABU,Barbados Bullfinch,Loxigilla barbadensis,barbul1
BARW,Barbuda Warbler,Setophaga subita,barwar
BACA,Bare-crowned Antbird,Gymnocichla nudiceps,bacant1
BLOW,Bare-legged Owl,Margarobyas lawrencii,balowl
BNUM,Bare-necked Umbrellabird,Cephalopterus glabricollis,banumb1
BSSO,Bare-shanked Screech-Owl,Megascops clarkii,bssowl
BTTH,Bare-throated Tiger-Heron,Tigrisoma mexicanum,btther1
BARS,Barn Swallow,Hirundo rustica,barswa
BARG,Barnacle Goose,Branta leucopsis,bargoo
BASH,Barolo Shearwater,Puffinus baroli,litshe1
BAAN,Barred Antshrike,Thamnophilus doliatus,barant1
BABE,Barred Becard,Pachyramphus versicolor,barbec1
BAFF,Barred Forest-Falcon,Micrastur ruficollis,baffal1
BAHA,Barred Hawk,Morphnarchus princeps,barhaw1
BAOW,Barred Owl,Strix varia,brdowl
BAPA,Barred Parakeet,Bolborhynchus lineola,barpar1
BAPU,Barred Puffbird,Nystalus radiatus,barpuf1
BAGO,Barrow's Goldeneye,Bucephala islandica,bargol
BAFA,Bat Falcon,Falco rufigularis,batfal1
BAYW,Bay Wren,Cantorchilus nigricapillus,baywre1
BBRC,Bay-breasted Cuckoo,Coccyzus rufigularis,babcuc4
BBWA,Bay-breasted Warbler,Setophaga castanea,babwar
BHTA,Bay-headed Tanager,Tangara gyrola,bahtan1
BESO,Bearded Screech-Owl,Megascops barbarus,besowl
BEWP,Bearded Wood-Partridge,Dendrortyx barbatus,bewpar1
BEAH,Beautiful Hummingbird,Calothorax pulcher,beahum1
BETR,Beautiful Treerunner,Margarornis bellulus,beatre1
BEEH,Bee Hummingbird,Mellisuga helenae,beehum1
BEGU,Belcher's Gull,Larus belcheri,belgul
BEYE,Belding's Yellowthroat,Geothlypis beldingi,belyel1
BESP,Bell's Sparrow,Artemisiospiza belli,belspa2
BEVI,Bell's Vireo,Vireo bellii,belvir
BEFL,Belted Flycatcher,Xenotriccus callizonus,belfly1
BEKI,Belted Kingfisher,Megaceryle alcyon,belkin1
BETH,Bendire's Thrasher,Toxostoma bendirei,benthr
BEPE,Bermuda Petrel,Pterodroma cahow,berpet
BEHU,Berylline Hummingbird,Saucerottia beryllina,berhum
BEWR,Bewick's Wren,Thryomanes bewickii,bewwre
BITH,Bicknell's Thrush,Catharus bicknelli,bicthr
BIAN,Bicolored Antbird,Gymnopithys bicolor,bicant2
BIHA,Bicolored Hawk,Astur bicolor,bichaw1
BIWR,Bicolored Wren,Campylorhynchus griseus,bicwre1
BIOO,Bishop's Oo,Moho bishopi,bisoo
BLAN,Black Antshrike,Thamnophilus nigriceps,blaant1
BLCA,Black Catbird,Melanoptila glabrirostris,blacat1
BLFR,Black Francolin,Francolinus francolinus,blkfra
BLAG,Black Guan,Chamaepetes unicolor,blagua1
BLGU,Black Guillemot,Cepphus grylle,blkgui
BLHE,Black Hawk-Eagle,Spizaetus tyrannus,blheag1
BLAK,Black Kite,Milvus migrans,blakit1
BLMA,Black Mamo,Drepanis funerea,blkmam
BLNO,Black Noddy,Anous minutus,blknod
BLOR,Black Oropendola,Psarocolius guatimozinus,blaoro1
BLOY,Black Oystercatcher,Haematopus bachmani,blkoys
BLPH,Black Phoebe,Sayornis nigricans,blkpho
BLRA,Black Rail,Laterallus jamaicensis,blkrai
BLRF,Black Rosy-Finch,Leucosticte atrata,bkrfin
BLSC,Black Scoter,Melanitta americana,blksco2
BLSK,Black Skimmer,Rynchops niger,blkski
BLSP,Black Storm-Petrel,Hydrobates melania,bkspet
BLSW,Black Swift,Cypseloides niger,blkswi
BLTE,Black Tern,Chlidonias niger,blkter
BLTH,Black Thrush,Turdus infuscatus,blarob1
BLTU,Black Turnstone,Arenaria melanocephala,blktur
BLVU,Black Vulture,Coragyps atratus,blkvul
BAWB,Black-and-white Becard,Pachyramphus albogriseus,bawbec7
BAWH,Black-and-white Hawk-Eagle,Spizaetus melanoleucus,bawhae1
BLWO,Black-and-white Owl,Strix nigrolineata,bawowl1
BAWW,Black-and-white Warbler,Mniotilta varia,bawwar
BAYS,Black-and-yellow Silky-flycatcher,Phainoptila melanoxantha,bayfly1
BAYT,Black-and-yellow Tanager,Chrysothlypis chrysomelas,baytan2
BBOR,Black-backed Oriole,Icterus abeillei,blbori1
BBWO,Black-backed Woodpecker,Picoides arcticus,bkbwoo
BBNW,Black-banded Woodcreeper,Dendrocolaptes picumnus,blbwoo1
BLBH,Black-bellied Hummingbird,Eupherusa nigriventris,blbhum1
BBPL,Black-bellied Plover,Pluvialis squatarola,bkbplo
BBSP,Black-bellied Storm-Petrel,Fregetta tropica,bbspet1
BBWD,Black-bellied Whistling-Duck,Dendrocygna autumnalis,bbwduc
BBEW,Black-bellied Wren,Pheugopedius fasciatoventris,blbwre1
BBAM,Black-billed Amazon,Amazona agilis,blbpar1
BBCU,Black-billed Cuckoo,Coccyzus erythropthalmus,bkbcuc
BLBF,Black-billed Flycatcher,Aphanotriccus audax,blbfly1
BBMA,Black-billed Magpie,Pica hudsonia,bkbmag1
BBNT,Black-billed Nightingale-Thrush,Catharus gracilirostris,bbnthr1
BBST,Black-billed Streamertail,Trochilus scitulus,stream3
BBPU,Black-breasted Puffbird,Notharchus pectoralis,blbpuf1
BBWQ,Black-breasted Wood-Quail,Odontophorus leucolaemus,bbwqua1
BBAL,Black-browed Albatross,Thalassarche melanophris,bkbalb
BCCH,Black-capped Chickadee,Poecile atricapillus,bkcchi
BCDO,Black-capped Donacobius,Donacobius atricapilla,bkcdon
BCAF,Black-capped Flycatcher,Empidonax atriceps,blcfly1
BCGN,Black-capped Gnatcatcher,Polioptila nigriceps,bkcgna
BCPE,Black-capped Petrel,Pterodroma hasitata,bkcpet
BPYT,Black-capped Pygmy-Tyrant,Myiornis atricapillus,bcptyr1
BCSI,Black-capped Siskin,Spinus atriceps,blcsis1
BCSW,Black-capped Swallow,Atticora pileata,blcswa1
BCVI,Black-capped Vireo,Vireo atricapilla,bkcvir1
BCAT,Black-cheeked Ant-Tanager,Driophlox atrimaxillaris,bcatan1
BCWA,Black-cheeked Warbler,Basileuterus melanogenys,blcwar1
BCWO,Black-cheeked Woodpecker,Melanerpes pucherani,blcwoo1
BCHJ,Black-chested Jay,Cyanocorax affinis,blcjay1
BCHS,Black-chested Sparrow,Peucaea humeralis,blcspa1
BCHU,Black-chinned Hummingbird,Archilochus alexandri,bkchum
BCSP,Black-chinned Sparrow,Spizella atrogularis,bkcspa
BCHA,Black-collared Hawk,Busarellus nigricollis,blchaw1
BCOR,Black-cowled Oriole,Icterus prosthemelas,bkcori
BCCO,Black-crested Coquette,Lophornis helenae,blccoq1
BCTI,Black-crested Titmouse,Baeolophus atricristatus,blctit4
BCAP,Black-crowned Antpitta,Pittasoma michleri,blcant1
BCAS,Black-crowned Antshrike,Thamnophilus atrinucha,wesant1
BCNH,Black-crowned Night Heron,Nycticorax nycticorax,bcnher
BPLT,Black-crowned Palm-Tanager,Phaenicophilus palmarum,bcptan1
BCRT,Black-crowned Tityra,Tityra inquisitor,blctit1
BEWQ,Black-eared Wood-Quail,Odontophorus melanotis,bewqua1
BFAN,Black-faced Antthrush,Formicarius analis,blfant1
BFGR,Black-faced Grassquit,Melanospiza bicolor,bkfgra
BFAG,Black-faced Grosbeak,Caryothraustes poliogaster,blfgro1
BFSO,Black-faced Solitaire,Myadestes melanops,blfsol1
BFAL,Black-footed Albatross,Phoebastria nigripes,bkfalb
BHBR,Black-headed Brushfinch,Arremon atricapillus,sthbrf1
BHGR,Black-headed Grosbeak,Pheucticus melanocephalus,bkhgro
BHGU,Black-headed Gull,Chroicocephalus ridibundus,bkhgul
BHNT,Black-headed Nightingale-Thrush,Catharus mexicanus,bhnthr1
BHSA,Black-headed Saltator,Saltator atriceps,blhsal1
BHSI,Black-headed Siskin,Spinus notatus,blhsis1
BHTF,Black-headed Tody-Flycatcher,Todirostrum nigriceps,bhtfly1
BHTR,Black-headed Trogon,Trogon melanocephalus,blhtro1
BHOA,Black-hooded Antshrike,Thamnophilus bridgesi,blhant2
BLKI,Black-legged Kittiwake,Rissa tridactyla,bklkit
BNST,Black-necked Stilt,Himantopus mexicanus,bknsti
BPYE,Black-polled Yellowthroat,Geothlypis speciosa,blpyel1
BLRW,Black-rumped Waxbill,Estrilda troglodytes,bkrwax
BSTS,Black-striped Sparrow,Arremonops conirostris,blsspa1
BSWO,Black-striped Woodcreeper,Xiphorhynchus lachrymosus,blswoo1
BTFL,Black-tailed Flycatcher,Myiobius atricaudus,bltfly1
BTGN,Black-tailed Gnatcatcher,Polioptila melanura,bktgna
BLTG,Black-tailed Godwit,Limosa limosa,bktgod
BTGU,Black-tailed Gull,Larus crassirostris,bktgul
BTTR,Black-tailed Trogon,Trogon melanurus,blttro1
BTGG,Black-thighed Grosbeak,Pheucticus tibialis,bltgro1
BTBW,Black-throated Blue Warbler,Setophaga caerulescens,btbwar
BTBO,Black-throated Bobwhite,Colinus nigrogularis,bltbob1
BTYW,Black-throated Gray Warbler,Setophaga nigrescens,btywar
BTNW,Black-throated Green Warbler,Setophaga virens,btnwar
BTJA,Black-throated Jay,Cyanolyca pumilo,bltjay1
BTMJ,Black-throated Magpie-Jay,Cyanocorax colliei,btmjay
BTMA,Black-throated Mango,Anthracothorax nigricollis,bltman1
BTST,Black-throated Shrike-Tanager,Lanio aurantius,btstan1
BTSP,Black-throated Sparrow,Amphispiza bilineata,bktspa
BTWR,Black-throated Wren,Pheugopedius atrogularis,bltwre1
BTCO,Black-tipped Cotinga,Carpodectes hopkei,bltcot1
BVOR,Black-vented Oriole,Icterus wagleri,bkvori
BVSH,Black-vented Shearwater,Puffinus opisthomelas,bkvshe
BWVI,Black-whiskered Vireo,Vireo altiloquus,bkwvir
BWPE,Black-winged Petrel,Pterodroma nigripennis,bkwpet
BWST,Black-winged Stilt,Himantopus himantopus,bkwsti
BLBW,Blackburnian Warbler,Setophaga fusca,bkbwar
BLPW,Blackpoll Warbler,Setophaga striata,bkpwar
BLBU,Blue Bunting,Cyanocompsa parellina,blubun
BLCO,Blue Cotinga,Cotinga nattererii,blucot1
BLDA,Blue Dacnis,Dacnis cayana,bludac1
BLGR,Blue Grosbeak,Passerina caerulea,blugrb1
BGDO,Blue Ground Dove,Claravis pretiosa,blgdov1
BLJA,Blue Jay,Cyanocitta cristata,blujay
BLMO,Blue Mockingbird,Melanotis caerulescens,blumoc
BMVI,Blue Mountain Vireo,Vireo osburni,blmvir1
BLSE,Blue Seedeater,Amaurospiza concolor,blusee1
BAGT,Blue-and-gold Tanager,Bangsia arcaei,bagtan1
BAWM,Blue-and-white Mockingbird,Melanotis hypoleucus,bawmoc1
BAWS,Blue-and-white Swallow,Pygochelidon cyanoleuca,bawswa1
BAYM,Blue-and-yellow Macaw,Ara ararauna,baymac
BBWT,Blue-billed White-Tern,Gygis candida,whiter4
BBGR,Blue-black Grassquit,Volatinia jacarina,blbgra1
BGRO,Blue-black Grosbeak,Cyanoloxia cyanoides,bubgro1
BCAH,Blue-capped Hummingbird,Eupherusa cyanophrys,blchum2
BCMO,Blue-capped Motmot,Momotus coeruliceps,bucmot1
BCHH,Blue-chested Hummingbird,Polyerata amabilis,blchum1
BCRC,Blue-crowned Chlorophonia,Chlorophonia occipitalis,blcchl1
BFBO,Blue-footed Booby,Sula nebouxii,bfoboo
BFPA,Blue-fronted Parrotlet,Touit dilectissimus,bufpar1
BGGN,Blue-gray Gnatcatcher,Polioptila caerulea,buggna
BGNO,Blue-gray Noddy,Anous ceruleus,bugnod
BGTA,Blue-gray Tanager,Thraupis episcopus,bugtan
BHHU,Blue-headed Hummingbird,Riccordia bicolor,blhhum1
BHEP,Blue-headed Parrot,Pionus menstruus,blhpar1
BHQD,Blue-headed Quail-Dove,Starnoenas cyanocephala,bhqdov1
BHVI,Blue-headed Vireo,Vireo solitarius,buhvir
BTAH,Blue-tailed Hummingbird,Saucerottia cyanura,blthum1
BTRG,Blue-throated Goldentail,Chlorestes eliciae,bltgol1
BTMO,Blue-throated Motmot,Aspatha gularis,bltmot1
BTMG,Blue-throated Mountain-gem,Lampornis clemenciae,buthum
BVHU,Blue-vented Hummingbird,Saucerottia hoffmanni,buvhum1
BWTE,Blue-winged Teal,Spatula discors,buwtea
BWWA,Blue-winged Warbler,Vermivora cyanoptera,buwwar
BLUE,Bluethroat,Luscinia svecica,blueth
BREW,Blyth's Reed Warbler,Acrocephalus dumetorum,blrwar1
BOBF,Boat-billed Flycatcher,Megarynchus pitangua,bobfly1
BBHE,Boat-billed Heron,Cochlearius cochlearius,bobher1
BTGR,Boat-tailed Grackle,Quiscalus major,botgra
BOBO,Bobolink,Dolichonyx oryzivorus,boboli
BOWA,Bohemian Waxwing,Bombycilla garrulus,bohwax
BOGU,Bonaparte's Gull,Chroicocephalus philadelphia,bongul
BOPE,Bonin Petrel,Pterodroma hypoleuca,bonpet
BOCH,Boreal Chickadee,Poecile hudsonicus,borchi2
BOOW,Boreal Owl,Aegolius funereus,borowl
BOSP,Botteri's Sparrow,Peucaea botterii,botspa
BOWR,Boucard's Wren,Campylorhynchus jocosus,bouwre1
BREM,Brace's Emerald,Riccordia bracei,braeme2
BRAM,Brambling,Fringilla montifringilla,brambl
BCOF,Bran-colored Flycatcher,Myiophobus fasciatus,brcfly1
BRAC,Brandt's Cormorant,Urile penicillatus,bracor
BRAN,Brant,Branta bernicla,brant
BRBL,Brewer's Blackbird,Euphagus cyanocephalus,brebla
BRSP,Brewer's Sparrow,Spizella breweri,brespa
BRQD,Bridled Quail-Dove,Geotrygon mystacea,brqdov1
BRIS,Bridled Sparrow,Peucaea mystacalis,brispa1
BRTE,Bridled Tern,Onychoprion anaethetus,briter1
BRTI,Bridled Titmouse,Baeolophus wollweberi,britit
BRAT,Bright-rumped Attila,Attila spadiceus,brratt1
BTCU,Bristle-thighed Curlew,Numenius tahitiensis,brtcur
BBIH,Broad-billed Hummingbird,Cynanthus latirostris,brbhum
BBMO,Broad-billed Motmot,Electron platyrhynchum,brbmot1
BBIS,Broad-billed Sandpiper,Calidris falcinellus,brbsan
BBTO,Broad-billed Tody,Todus subulatus,brbtod1
BTHU,Broad-tailed Hummingbird,Selasphorus platycercus,brthum
BWHA,Broad-winged Hawk,Buteo platypterus,brwhaw
BRMA,Bronze Mannikin,Spermestes cucullata,broman1
BOPT,Bronze-olive Pygmy-Tyrant,Pseudotriccus pelzelni,boptyr1
BTPL,Bronze-tailed Plumeleteer,Chalybura urochrysia,brtplu1
BROC,Bronzed Cowbird,Molothrus aeneus,brocow
BRHE,Bronzy Hermit,Glaucis aeneus,broher
BRBO,Brown Booby,Sula leucogaster,brnboo
BRCR,Brown Creeper,Certhia americana,brncre
BRJA,Brown Jay,Cyanocorax morio,brnjay
BRNO,Brown Noddy,Anous stolidus,brnnod
BRPE,Brown Pelican,Pelecanus occidentalis,brnpel
BROS,Brown Shrike,Lanius cristatus,brnshr
BRTH,Brown Thrasher,Toxostoma rufum,brnthr
BRTR,Brown Trembler,Cinclocerthia ruficauda,brotre1
BRVI,Brown Violetear,Colibri delphinae,brvear1
BBSO,Brown-backed Solitaire,Myadestes occidentalis,brbsol1
BBSC,Brown-billed Scythebill,Campylorhamphus pusillus,brbscy1
BCRF,Brown-capped Rosy-Finch,Leucosticte australis,bcrfin
BCTY,Brown-capped Tyrannulet,Ornithion brunneicapillus,brctyr
BCAV,Brown-capped Vireo,Vireo leucophrys,brcvir1
BCMA,Brown-chested Martin,Progne tapera,brcmar1
BCFL,Brown-crested Flycatcher,Myiarchus tyrannulus,bncfly
BHCO,Brown-headed Cowbird,Molothrus ater,bnhcow
BHNU,Brown-headed Nuthatch,Sitta pusilla,bnhnut
BHOP,Brown-hooded Parrot,Pyrilia haematotis,brhpar1
BTPA,Brown-throated Parakeet,Eupsittula pertinax,brtpar1
BRTW,Brownish Twistwing,Cnipodectes subbrunneus,brofly1
BRYS,Bryan's Shearwater,Puffinus bryani,bryshe1
BBEH,Buff-bellied Hummingbird,Amazilia yucatanensis,bubhum
BBFL,Buff-breasted Flycatcher,Empidonax fulvifrons,bubfly
BBSA,Buff-breasted Sandpiper,Calidris subruficollis,bubsan
BBRW,Buff-breasted Wren,Cantorchilus leucotis,bubwre1
BCNI,Buff-collared Nightjar,Antrostomus ridgwayi,bucnig
BFFG,Buff-fronted Foliage-gleaner,Dendroma rufa,bffgle
BFQD,Buff-fronted Quail-Dove,Zentrygon costaricensis,bfqdov1
BNIB,Buff-necked Ibis,Theristicus caudatus,bunibi1
BURW,Buff-rumped Warbler,Myiothlypis fulvicauda,burwar1
BTSA,Buff-throated Saltator,Saltator maximus,butsal1
BUFF,Bufflehead,Bucephala albeola,buffle
BUTU,Buffy Tuftedcheek,Pseudocolaptes lawrencii,buftuf1
BCWP,Buffy-crowned Wood-Partridge,Dendrortyx leucophrys,bcwpar1
BULS,Buller's Shearwater,Ardenna bulleri,bulshe
BUOR,Bullock's Oriole,Icterus bullockii,bulori
BUPE,Bulwer's Petrel,Bulweria bulwerii,bulpet
BUHU,Bumblebee Hummingbird,Selasphorus heloisa,bumhum
BUOW,Burrowing Owl,Athene cunicularia,burowl
BUSH,Bushtit,Psaltriparus minimus,bushti
BCRJ,Bushy-crested Jay,Cyanocorax melanocyaneus,bucjay1
CAGS,Cabanis's Ground-Sparrow,Melozone cabanisi,pregrs2
CABW,Cabanis's Wren,Cantorchilus modestus,plawre1
CACG,Cackling Goose,Branta hutchinsii,cacgoo1
CACW,Cactus Wren,Campylorhynchus brunneicapillus,cacwre
CACO,California Condor,Gymnogyps californianus,calcon
CAGN,California Gnatcatcher,Polioptila californica,calgna
CAGU,California Gull,Larus californicus,calgul
CAQU,California Quail,Callipepla californica,calqua
CASJ,California Scrub-Jay,Aphelocoma californica,cowscj1
CATH,California Thrasher,Toxostoma redivivum,calthr
CALT,California Towhee,Melozone crissalis,caltow
CAHU,Calliope Hummingbird,Selasphorus calliope,calhum
CANG,Canada Goose,Branta canadensis,cangoo
CAJA,Canada Jay,Perisoreus canadensis,gryjay
CAWA,Canada Warbler,Cardellina canadensis,canwar
CAKW,Canebrake Wren,Cantorchilus zeledoni,plawre3
CAEM,Canivet's Emerald,Cynanthus canivetii,caneme1
CANV,Canvasback,Aythya valisineria,canvas
CANT,Canyon Towhee,Melozone fusca,cantow
CANW,Canyon Wren,Catherpes mexicanus,canwre
CMWA,Cape May Warbler,Setophaga tigrina,camwar
CVSH,Cape Verde Shearwater,Calonectris edwardsii,cavshe1
CAHE,Capped Heron,Pilherodius pileatus,capher1
CAGR,Carib Grackle,Quiscalus lugubris,cargra1
CADO,Caribbean Dove,Leptotila jamaicensis,cardov1
CAEL,Caribbean Elaenia,Elaenia martinica,carela1
CAMA,Caribbean Martin,Progne dominicensis,carmar1
CATA,Carmiol's Tanager,Chlorothraupis carmioli,olitan1
CACH,Carolina Chickadee,Poecile carolinensis,carchi
CAPA,Carolina Parakeet,Conuropsis carolinensis,carpar
CARW,Carolina Wren,Thryothorus ludovicianus,carwre
CATE,Caspian Tern,Hydroprogne caspia,caster1
CACR,Cassia Crossbill,Loxia sinesciuris,redcro9
CAAU,Cassin's Auklet,Ptychoramphus aleuticus,casauk
CAFI,Cassin's Finch,Haemorhous cassinii,casfin
CAKI,Cassin's Kingbird,Tyrannus vociferans,caskin
CASP,Cassin's Sparrow,Peucaea cassinii,casspa
CAVI,Cassin's Vireo,Vireo cassinii,casvir
CATY,Cattle Tyrant,Machetornis rixosa,cattyr
CASW,Cave Swallow,Petrochelidon fulva,cavswa
CEDW,Cedar Waxwing,Bombycilla cedrorum,cedwax
CAPO,Central American Pygmy-Owl,Glaucidium griseiceps,capowl1
CERW,Cerulean Warbler,Setophaga cerulea,cerwar
CHAS,Chapman's Swift,Chaetura chapmani,chaswi2
CHHU,Charming Hummingbird,Polyerata decora,chahum1
CHAL,Chatham Albatross,Thalassarche eremita,shyalb2
CTST,Checker-throated Stipplethroat,Epinecrophylla fulviventris,chtant1
CHMU,Chestnut Munia,Lonchura atricapilla,chemun
CBAN,Chestnut-backed Antbird,Poliocrania exsul,chbant1
CBCH,Chestnut-backed Chickadee,Poecile rufescens,chbchi
CBCU,Chestnut-bellied Cuckoo,Coccyzus pluvialis,chbcuc4
CBSA,Chestnut-bellied Sandgrouse,Pterocles exustus,chbsan
CCBR,Chestnut-capped Brushfinch,Arremon brunneinucha,ccbfin
CCAW,Chestnut-capped Warbler,Basileuterus delattrii,rucwar4
CCLO,Chestnut-collared Longspur,Calcarius ornatus,chclon
CCSW,Chestnut-collared Swift,Streptoprocne rutila,chcswi1
CCOW,Chestnut-colored Woodpecker,Celeus castaneus,chcwoo1
CFMA,Chestnut-fronted Macaw,Ara severus,chfmac1
CHOR,Chestnut-headed Oropendola,Psarocolius wagleri,chhoro1
CSSV,Chestnut-sided Shrike-Vireo,Vireolanius melitophrys,cssvir1
CSWA,Chestnut-sided Warbler,Setophaga pensylvanica,chswar
CHME,Chihuahuan Meadowlark,Sturnella lilianae,lilmea2
CHRA,Chihuahuan Raven,Corvus cryptoleucus,chirav
CHSW,Chimney Swift,Chaetura pelagica,chiswi
CHEG,Chinese Egret,Egretta eulophotes,chiegr
CHPH,Chinese Pond-Heron,Ardeola bacchus,chpher1
CHIS,Chinese Sparrowhawk,Tachyspiza soloensis,grfhaw1
CHSP,Chipping Sparrow,Spizella passerina,chispa
CHFG,Chiriqui Foliage-gleaner,Automolus exsertus,butfog4
CHQD,Chiriqui Quail-Dove,Zentrygon chiriquensis,chqdov1
CHSO,Choco Screech-Owl,Megascops centralis,versco2
CHSI,Choco Sirystes,Sirystes albogriseus,siryst3
CHTA,Choco Tapaculo,Scytalopus chocoensis,chotap1
CHTI,Choco Tinamou,Crypturellus kerriae,chotin1
CHSH,Christmas Shearwater,Puffinus nativitatis,chrshe
CWWI,Chuck-will's-widow,Antrostomus carolinensis,chwwid
CHUK,Chukar,Alectoris chukar,chukar
CIRB,Cinereous Becard,Pachyramphus rufus,cinbec2
CIOW,Cinereous Owl,Strix sartorii,barowl13
CIMB,Cinnamon Becard,Pachyramphus cinnamomeus,cinbec1
CIHU,Cinnamon Hummingbird,Amazilia rutila,cinhum1
CITE,Cinnamon Teal,Spatula cyanoptera,cintea
CIWO,Cinnamon Woodpecker,Celeus loricatus,cinwoo1
CBFL,Cinnamon-bellied Flowerpiercer,Diglossa baritula,cibflo1
CIBS,Cinnamon-bellied Saltator,Saltator grandis,grasal2
CRSE,Cinnamon-rumped Seedeater,Sporophila torqueola,whcsee2
CTSP,Cinnamon-tailed Sparrow,Peucaea sumichrasti,citspa1
CITR,Citreoline Trogon,Trogon citreolus,cittro1
CIWA,Citrine Wagtail,Motacilla citreola,citwag
CLRA,Clapper Rail,Rallus crepitans,clarai11
CLWR,Clarion Wren,Troglodytes tanneri,clawre1
CLGR,Clark's Grebe,Aechmophorus clarkii,clagre
CLNU,Clark's Nutcracker,Nucifraga columbiana,clanut
CCSP,Clay-colored Sparrow,Spizella pallida,clcspa
CCTH,Clay-colored Thrush,Turdus grayi,clcrob
CLSW,Cliff Swallow,Petrochelidon pyrrhonota,cliswa
COCT,Cocoa Thrush,Turdus fumigatus,cocthr1
COWO,Cocoa Woodcreeper,Xiphorhynchus susurrans,cocwoo1
COHE,Cocoi Heron,Ardea cocoi,cocher1
COBO,Cocos Booby,Sula brewsteri,cocboo1
COCC,Cocos Cuckoo,Coccyzus ferrugineus,coccuc1
COFI,Cocos Finch,Pinaroloxias inornata,cocfin1
COSP,Coiba Spinetail,Cranioleuca dissita,rubspi5
CPYO,Colima Pygmy-Owl,Glaucidium palmarum,copowl1
COLW,Colima Warbler,Leiothlypis crissalis,colwar
COAR,Collared Aracari,Pteroglossus torquatus,colara2
COFF,Collared Forest-Falcon,Micrastur semitorquatus,coffal1
COPL,Collared Plover,Anarhynchus collaris,colplo1
COPR,Collared Pratincole,Glareola pratincola,colpra
COLR,Collared Redstart,Myioborus torquatus,colred1
COTO,Collared Towhee,Pipilo ocai,coltow1
COTR,Collared Trogon,Trogon collaris,coltro1
COLC,Colombian Crake,Mustelirallus colombianus,colcra2
CODU,Comb Duck,Sarkidiornis sylvicola,comduc3
COBH,Common Black Hawk,Buteogallus anthracinus,comblh1
CCHA,Common Chaffinch,Fringilla coelebs,comcha
CCHI,Common Chiffchaff,Phylloscopus collybita,comchi1
COCL,Common Chlorospingus,Chlorospingus flavopectus,cobtan1
CCRA,Common Crane,Grus grus,comcra
COCU,Common Cuckoo,Cuculus canorus,comcuc
COEI,Common Eider,Somateria mollissima,comeid
COGA,Common Gallinule,Gallinula galeata,comgal1
COGO,Common Goldeneye,Bucephala clangula,comgol
COGR,Common Grackle,Quiscalus quiscula,comgra
COMG,Common Greenshank,Tringa nebularia,comgre
CGDO,Common Ground Dove,Columbina passerina,cogdov
COGU,Common Gull,Larus canus,mewgul
COHO,Common Hoopoe,Upupa epops,hoopoe
COLO,Common Loon,Gavia immer,comloo
COME,Common Merganser,Mergus merganser,commer
COMU,Common Murre,Uria aalge,commur
COMY,Common Myna,Acridotheres tristis,commyn
CONI,Common Nighthawk,Chordeiles minor,comnig
COPA,Common Pauraque,Nyctidromus albicollis,compau
COMP,Common Pochard,Aythya ferina,compoc
COPO,Common Poorwill,Phalaenoptilus nuttallii,compoo
CPOT,Common Potoo,Nyctibius griseus,compot1
CORA,Common Raven,Corvus corax,comrav
CREH,Common Redshank,Tringa totanus,comred1
CRET,Common Redstart,Phoenicurus phoenicurus,comred2
CRPL,Common Ringed Plover,Charadrius hiaticula,corplo
CORO,Common Rosefinch,Carpodacus erythrinus,comros
COSA,Common Sandpiper,Actitis hypoleucos,comsan
COSC,Common Scoter,Melanitta nigra,blksco1
COMS,Common Shelduck,Tadorna tadorna,comshe
COSN,Common Snipe,Gallinago gallinago,comsni
COSW,Common Swift,Apus apus,comswi
COTE,Common Tern,Sterna hirundo,comter
COTF,Common Tody-Flycatcher,Todirostrum cinereum,cotfly1
COMW,Common Waxbill,Estrilda astrild,comwax
COYE,Common Yellowthroat,Geothlypis trichas,comyel
CONW,Connecticut Warbler,Oporornis agilis,conwar
COPE,Cook's Petrel,Pterodroma cookii,coopet
COHA,Cooper's Hawk,Astur cooperii,coohaw
CHEM,Coppery-headed Emerald,Microchera cupreiceps,coheme1
CORC,Corn Crake,Crex crex,corcra
CORS,Cory's Shearwater,Calonectris borealis,corshe1
CRBR,Costa Rican Brushfinch,Arremon costaricensis,sthbrf3
CRPO,Costa Rican Pygmy-Owl,Glaucidium costaricanum,crpowl
CRSW,Costa Rican Swift,Chaetura fumosa,corswi
CRWA,Costa Rican Warbler,Basileuterus melanotis,thswar5
COHU,Costa's Hummingbird,Calypte costae,coshum
COKI,Couch's Kingbird,Tyrannus couchii,coukin
COEM,Cozumel Emerald,Cynanthus forficatus,cozeme1
COZT,Cozumel Thrasher,Toxostoma guttatum,cozthr1
COVI,Cozumel Vireo,Vireo bairdi,cozvir1
COWR,Cozumel Wren,Troglodytes beani,houwre3
CRHA,Crane Hawk,Geranospiza caerulescens,crahaw
CRMU,Craveri's Murrelet,Synthliboramphus craveri,cramur
CCWA,Crescent-chested Warbler,Oreothlypis superciliosa,crcwar
CRAU,Crested Auklet,Aethia cristatella,creauk
CRBO,Crested Bobwhite,Colinus cristatus,crebob1
CRCA,Crested Caracara,Caracara plancus,y00678
CREA,Crested Eagle,Morphnus guianensis,creeag1
CRGU,Crested Guan,Penelope purpurascens,cregua1
CROR,Crested Oropendola,Psarocolius decumanus,creoro1
CROW,Crested Owl,Lophostrix cristata,creowl1
CRQD,Crested Quail-Dove,Geotrygon versicolor,crqdov1
CBTA,Crimson-backed Tanager,Ramphocelus dimidiatus,crbtan1
CBWO,Crimson-bellied Woodpecker,Campephilus haematogaster,crbwoo1
CCGR,Crimson-collared Grosbeak,Periporphyrus celaeno,crcgro
CCTA,Crimson-collared Tanager,Ramphocelus sanguinolentus,crctan1
CCRW,Crimson-crested Woodpecker,Campephilus melanoleucos,crcwoo1
CFPA,Crimson-fronted Parakeet,Psittacara finschi,crfpar
CRTH,Crissal Thrasher,Toxostoma crissale,crithr
CSFL,Crowned Slaty Flycatcher,Empidonomus aurantioatrocristatus,croslf1
CRWO,Crowned Woodnymph,Thalurania colombica,crowoo1
CUAM,Cuban Amazon,Amazona leucocephala,cubpar1
CUBH,Cuban Black Hawk,Buteogallus gundlachii,cubblh1
CUBL,Cuban Blackbird,Ptiloxena atroviolacea,cubbla
CUBU,Cuban Bullfinch,Melopyrrha nigra,cubbul2
CUCR,Cuban Crow,Corvus nasicus,cubcro1
CUEM,Cuban Emerald,Riccordia ricordii,cubeme1
CUGN,Cuban Gnatcatcher,Polioptila lembeyei,cubgna1
CUGR,Cuban Grassquit,Phonipara canora,cubgra
CGWO,Cuban Green Woodpecker,Xiphidiopicus percussus,cugwoo1
CUKI,Cuban Kite,Chondrohierax wilsonii,hobkit2
CUBM,Cuban Macaw,Ara tricolor,cubmac1
CUMA,Cuban Martin,Progne cryptoleuca,cubmar
CUNI,Cuban Nightjar,Antrostomus cubanensis,granig2
CUOR,Cuban Oriole,Icterus melanopsis,graori2
CUPC,Cuban Palm-Crow,Corvus minutus,cupcro1
CUPA,Cuban Parakeet,Psittacara euops,cubpar2
CUPE,Cuban Pewee,Contopus caribaeus,cubpew1
CUPO,Cuban Pygmy-Owl,Glaucidium siju,cupowl1
CUSO,Cuban Solitaire,Myadestes elisabeth,cubsol1
CUTO,Cuban Tody,Todus multicolor,cubtod1
CUTR,Cuban Trogon,Priotelus temnurus,cubtro1
CUVI,Cuban Vireo,Vireo gundlachii,cubvir1
CUSA,Curlew Sandpiper,Calidris ferruginea,cursan
CBTH,Curve-billed Thrasher,Toxostoma curvirostre,cubthr
DATH,Dagua Thrush,Turdus daguae,whtthr2
DAPE,Dark Pewee,Contopus lugubris,darpew1
DBCU,Dark-billed Cuckoo,Coccyzus melacoryphus,dabcuc1
DEJU,Dark-eyed Junco,Junco hyemalis,daejun
DSFL,Dark-sided Flycatcher,Muscicapa sibirica,dasfly
DICK,Dickcissel,Spiza americana,dickci
DWAN,Dot-winged Antwren,Microrhopias quixensis,dowant1
DBGR,Double-banded Graytail,Xenerpestes minlosi,dobgra1
DCCO,Double-crested Cormorant,Nannopterum auritum,doccor
DSTK,Double-striped Thick-knee,Hesperoburhinus bistriatus,dstkne
DTKI,Double-toothed Kite,Harpagus bidentatus,dotkit1
DOVE,Dovekie,Alle alle,doveki
DOWO,Downy Woodpecker,Dryobates pubescens,dowwoo
DMAN,Dull-mantled Antbird,Sipia laemosticta,dumant1
DUNL,Dunlin,Calidris alpina,dunlin
DUAN,Dusky Antbird,Cercomacroides tyrannina,dusant1
DUFL,Dusky Flycatcher,Empidonax oberholseri,dusfly
DUGR,Dusky Grouse,Dendragapus obscurus,dusgro
DUHU,Dusky Hummingbird,Phaeoptila sordida,dushum1
DUNI,Dusky Nightjar,Antrostomus saturatus,dusnig1
DUPI,Dusky Pigeon,Patagioenas goodsoni,duspig2
DUTH,Dusky Thrush,Turdus eunomus,dusthr2
DUWA,Dusky Warbler,Phylloscopus fuscatus,duswar
DBJA,Dusky-backed Jacamar,Brachygalba salmoni,dubjac1
DCFL,Dusky-capped Flycatcher,Myiarchus tuberculifer,ducfly
DFTA,Dusky-faced Tanager,Mitrospingus cassinii,duftan1
DWCU,Dwarf Cuckoo,Coccycua pumila,dwacuc1
DWJA,Dwarf Jay,Cyanolyca nanus,dwajay1
DWVI,Dwarf Vireo,Vireo nelsoni,dwavir1
EADO,Eared Dove,Zenaida auriculata,eardov1
EAGR,Eared Grebe,Podiceps nigricollis,eargre
EAPO,Eared Poorwill,Nyctiphrynus mcleodii,earpoo1
EAQU,Eared Quetzal,Euptilotis neoxenus,earque
EABL,Eastern Bluebird,Sialia sialis,easblu
EACE,Eastern Cattle-Egret,Ardea coromanda,categr2
EACT,Eastern Chat-Tanager,Calyptophilus frugivorus,eactan1
EAKI,Eastern Kingbird,Tyrannus tyrannus,easkin
EAME,Eastern Meadowlark,Sturnella magna,easmea
EAPH,Eastern Phoebe,Sayornis phoebe,easpho
EASO,Eastern Screech-Owl,Megascops asio,easowl1
ESBD,Eastern Spot-billed Duck,Anas zonorhyncha,spbduc
EATO,Eastern Towhee,Pipilo erythrophthalmus,eastow
EWPW,Eastern Whip-poor-will,Antrostomus vociferus,easwpw1
EAWP,Eastern Wood-Pewee,Contopus virens,eawpew
EYWA,Eastern Yellow Wagtail,Motacilla tschutschensis,eaywag
EGGO,Egyptian Goose,Alopochen aegyptiaca,egygoo
ELEU,Elegant Euphonia,Chlorophonia elegantissima,eleeup1
ELQU,Elegant Quail,Callipepla douglasii,elequa
ELTE,Elegant Tern,Thalasseus elegans,eleter1
ELTR,Elegant Trogon,Trogon elegans,eletro2
ELOW,Elf Owl,Micrathene whitneyi,elfowl
EWWA,Elfin-woods Warbler,Setophaga angelae,elwwar1
EMTA,Emerald Tanager,Tangara florida,emetan1
ECHU,Emerald-chinned Hummingbird,Abeillia abeillei,emchum1
EMGO,Emperor Goose,Anser canagicus,empgoo
ESCU,Eskimo Curlew,Numenius borealis,eskcur
EUFL,Euler's Flycatcher,Lathrotriccus euleri,eulfly1
EUBB,Eurasian Blackbird,Turdus merula,eurbla
EUBC,Eurasian Blackcap,Sylvia atricapilla,blackc1
EUBU,Eurasian Bullfinch,Pyrrhula pyrrhula,eurbul
EUCD,Eurasian Collared-Dove,Streptopelia decaocto,eucdov
EUCO,Eurasian Coot,Fulica atra,eurcoo
EUCU,Eurasian Curlew,Numenius arquata,eurcur
EUDO,Eurasian Dotterel,Eudromias morinellus,eurdot
EGOS,Eurasian Goshawk,Astur gentilis,norgos1
EUHO,Eurasian Hobby,Falco subbuteo,eurhob
EUJA,Eurasian Jackdaw,Coloeus monedula,eurjac
EUKE,Eurasian Kestrel,Falco tinnunculus,eurkes
EUOY,Eurasian Oystercatcher,Haematopus ostralegus,euroys1
EUSI,Eurasian Siskin,Spinus spinus,eursis
EUSK,Eurasian Skylark,Alauda arvensis,skylar
ESPA,Eurasian Sparrowhawk,Accipiter nisus,eurspa1
ESPO,Eurasian Spoonbill,Platalea leucorodia,eurspo1
ETSP,Eurasian Tree Sparrow,Passer montanus,eutspa
EUWI,Eurasian Wigeon,Mareca penelope,eurwig
EUWO,Eurasian Woodcock,Scolopax rusticola,eurwoo
EUWR,Eurasian Wryneck,Jynx torquilla,eurwry
EUGP,European Golden-Plover,Pluvialis apricaria,eugplo
EGOL,European Goldfinch,Carduelis carduelis,eurgol
EHGU,European Herring Gull,Larus argentatus,euhgul1
EURO,European Robin,Erithacus rubecula,eurrob1
EUST,European Starling,Sturnus vulgaris,eursta
EUSP,European Storm-Petrel,Hydrobates pelagicus,bripet
EUTD,European Turtle-Dove,Streptopelia turtur,eutdov
EVGR,Evening Grosbeak,Hesperiphona vespertina,evegro
ERFL,Eye-ringed Flatbill,Rhynchocyclus brevirostris,eyrfla1
EYTH,Eyebrowed Thrush,Turdus obscurus,eyethr
FADU,Falcated Duck,Mareca falcata,falduc
FTWA,Fan-tailed Warbler,Euthlypis lachrymosa,fatwar
FECU,Far Eastern Curlew,Numenius madagascariensis,faecur
FAAN,Fasciated Antshrike,Cymbilaimus lineatus,fasant1
FTHE,Fasciated Tiger-Heron,Tigrisoma fasciatum,father1
FTFG,Fawn-throated Foliage-gleaner,Automolus cervinigularis,butfog9
FEFL,Fernandina's Flicker,Colaptes fernandinae,ferfli1
FEHA,Ferruginous Hawk,Buteo regalis,ferhaw
FEPO,Ferruginous Pygmy-Owl,Glaucidium brasilianum,fepowl
FISP,Field Sparrow,Spizella pusilla,fiespa
FIEL,Fieldfare,Turdus pilaris,fieldf
FBAR,Fiery-billed Aracari,Pteroglossus frantzii,fibara1
FTHU,Fiery-throated Hummingbird,Panterpe insignis,fithum1
FICR,Fish Crow,Corvus ossifragus,fiscro
FSSP,Five-striped Sparrow,Amphispizopsis quinquestriata,fisspa
FCTA,Flame-colored Tanager,Piranga bidentata,flctan
FRTA,Flame-rumped Tanager,Ramphocelus flammigerus,flrtan1
FTHW,Flame-throated Warbler,Oreothlypis gutturalis,fltwar1
FLFL,Flammulated Flycatcher,Ramphotrigon flammulatum,flafly1
FLOW,Flammulated Owl,Psiloscops flammeolus,flaowl
FBVI,Flat-billed Vireo,Vireo nanus,flbvir1
FFSH,Flesh-footed Shearwater,Ardenna carneipes,flfshe
FLSJ,Florida Scrub-Jay,Aphelocoma coerulescens,flsjay
FOEL,Forest Elaenia,Myiopagis gaimardii,forela1
FOTH,Forest Thrush,Turdus lherminieri,forthr1
FTFL,Fork-tailed Flycatcher,Tyrannus savana,fotfly
FTSP,Fork-tailed Storm-Petrel,Hydrobates furcatus,ftspet
FOTE,Forster's Tern,Sterna forsteri,forter
FOSP,Fox Sparrow,Passerella iliaca,foxspa
FRGU,Franklin's Gull,Leucophaeus pipixcan,fragul
FUOW,Fulvous Owl,Strix fulvescens,fulowl1
FUWD,Fulvous Whistling-Duck,Dendrocygna bicolor,fuwduc
FVEU,Fulvous-vented Euphonia,Euphonia fulvicrissa,fuveup1
GADW,Gadwall,Mareca strepera,gadwal
GAPE,Galapagos Petrel,Pterodroma phaeopygia,galpet
GASH,Galapagos Shearwater,Puffinus subalaris,audshe3
GAQU,Gambel's Quail,Callipepla gambelii,gamqua
GAEM,Garden Emerald,Chlorostilbon assimilis,gareme1
GARG,Garganey,Spatula querquedula,gargan
GATH,Garnet-throated Hummingbird,Lamprolaima rhami,gathum1
GICO,Giant Cowbird,Molothrus oryzivorus,giacow
GIKI,Giant Kingbird,Tyrannus cubensis,giakin1
GIWR,Giant Wren,Campylorhynchus chiapensis,giawre1
GIWO,Gila Woodpecker,Melanerpes uropygialis,gilwoo
GIFL,Gilded Flicker,Colaptes chrysoides,gilfli
GLGU,Glaucous Gull,Larus hyperboreus,glagul
GWGU,Glaucous-winged Gull,Larus glaucescens,glwgul
GLIB,Glossy Ibis,Plegadis falcinellus,gloibi
GLTH,Glow-throated Hummingbird,Selasphorus ardens,glthum1
GOEA,Golden Eagle,Aquila chrysaetos,goleag
GOSW,Golden Swallow,Tachycineta euchrysea,golswa1
GOVI,Golden Vireo,Vireo hypochryseus,golvir1
GBFL,Golden-bellied Flycatcher,Myiodynastes hemichrysus,gobfly1
GBCH,Golden-browed Chlorophonia,Chlorophonia callophrys,gobchl1
GBWA,Golden-browed Warbler,Basileuterus belli,gobwar1
GCWA,Golden-cheeked Warbler,Setophaga chrysoparia,gchwar
GCHW,Golden-cheeked Woodpecker,Melanerpes chrysogenys,gocwoo1
GCMA,Golden-collared Manakin,Manacus vitellinus,gocman1
GCEM,Golden-crowned Emerald,Cynanthus auriceps,goceme1
GCKI,Golden-crowned Kinglet,Regulus satrapa,gockin
GCRS,Golden-crowned Spadebill,Platyrinchus coronatus,gocspa1
GCSP,Golden-crowned Sparrow,Zonotrichia atricapilla,gocspa
GCRW,Golden-crowned Warbler,Basileuterus culicivorus,gcrwar
GFGR,Golden-fronted Greenlet,Pachysylvia aurantiifrons,gofgre1
GFWO,Golden-fronted Woodpecker,Melanerpes aurifrons,gofwoo
GGWO,Golden-green Woodpecker,Piculus chrysochloros,gogwoo1
GHMA,Golden-headed Manakin,Ceratopipra erythrocephala,gohman1
GHQU,Golden-headed Quetzal,Pharomachrus auriceps,gohque1
GHOT,Golden-hooded Tanager,Stilpnia larvata,gohtan1
GNWO,Golden-naped Woodpecker,Melanerpes chrysauchen,gonwoo1
GOWO,Golden-olive Woodpecker,Colaptes rubiginosus,goowoo1
GWWA,Golden-winged Warbler,Vermivora chrysoptera,gowwar
GRWA,Grace's Warbler,Setophaga graciae,grawar
GBTT,Graceful Black-throated Trogon,Trogon tenellus,bkttro7
GCBU,Grand Cayman Bullfinch,Melopyrrha taylori,cubbul3
GCAT,Grand Cayman Thrush,Turdus ravidus,grcthr1
GWRE,Grass Wren,Cistothorus platensis,sedwre
GRSP,Grasshopper Sparrow,Ammodramus savannarum,graspa
GRYF,Grassland Yellow-Finch,Sicalis luteola,gryfin1
GRBU,Gray Bunting,Emberiza variabilis,grybun
GRCA,Gray Catbird,Dumetella carolinensis,grycat
GRFL,Gray Flycatcher,Empidonax wrightii,gryfly
GRAF,Gray Francolin,Ortygornis pondicerianus,gryfra
GRGU,Gray Gull,Leucophaeus modestus,grygul
GRHA,Gray Hawk,Buteo plagiatus,gryhaw2
GRAH,Gray Heron,Ardea cinerea,graher1
GRAK,Gray Kingbird,Tyrannus dominicensis,grykin
GRNI,Gray Nightjar,Caprimulgus jotaka,grynig1
GRAP,Gray Partridge,Perdix perdix,grypar
GRSF,Gray Silky-flycatcher,Ptiliogonys cinereus,grsfly1
GRAT,Gray Thrasher,Toxostoma cinereum,grathr1
GRTR,Gray Trembler,Cinclocerthia gutturalis,gratre1
GRVI,Gray Vireo,Vireo vicinior,gryvir
GRAW,Gray Wagtail,Motacilla cinerea,grywag
GAGT,Gray-and-gold Tanager,Poecilostreptus palmeri,gagtan1
GBAT,Gray-backed Tern,Onychoprion lunatus,gybter1
GBWR,Gray-barred Wren,Campylorhynchus megalopterus,grbwre1
GBEH,Gray-bellied Hawk,Accipiter poliogaster,gybhaw1
GBCR,Gray-breasted Crake,Laterallus exilis,grbcra1
GYBM,Gray-breasted Martin,Progne chalybea,gybmar
GBWW,Gray-breasted Wood-Wren,Henicorhina leucophrys,gbwwre1
GBWO,Gray-breasted Woodpecker,Melanerpes hypopolius,grbwoo1
GCCU,Gray-capped Cuckoo,Coccyzus lansbergi,gyccuc
GCAF,Gray-capped Flycatcher,Myiozetetes granadensis,grcfly1
GCNU,Gray-cheeked Nunlet,Nonnula frontalis,gycnun1
GCTH,Gray-cheeked Thrush,Catharus minimus,gycthr
GCDO,Gray-chested Dove,Leptotila cassinii,grcdov1
GCBE,Gray-collared Becard,Pachyramphus major,grcbec1
GCWR,Gray-cowled Wood-Rail,Aramides cajaneus,gycwor1
GCPT,Gray-crowned Palm-Tanager,Phaenicophilus poliocephalus,gcptan1
GCRF,Gray-crowned Rosy-Finch,Leucosticte tephrocotis,gcrfin
GRCW,Gray-crowned Woodpecker,Colaptes auricularis,grcwoo1
GCYE,Gray-crowned Yellowthroat,Geothlypis poliocephala,gycyel
GFPE,Gray-faced Petrel,Pterodroma gouldi,grwpet2
GFQD,Gray-fronted Quail-Dove,Geotrygon caniceps,gfqdov
GHEC,Gray-headed Chachalaca,Ortalis cinereiceps,grhcha1
GHCH,Gray-headed Chickadee,Poecile cinctus,gyhchi
GHDO,Gray-headed Dove,Leptotila plumbeiceps,gyhdov1
GHKI,Gray-headed Kite,Leptodon cayanensis,grhkit1
GHPI,Gray-headed Piprites,Piprites griseiceps,grhpip1
GHET,Gray-headed Tanager,Eucometis penicillata,grhtan1
GHGU,Gray-hooded Gull,Chroicocephalus cirrocephalus,grhgul
GLHA,Gray-lined Hawk,Buteo nitidus,gryhaw3
GRSW,Gray-rumped Swift,Chaetura cinereiventris,grrswi1
GSFL,Gray-streaked Flycatcher,Muscicapa griseisticta,gysfly1
GTTA,Gray-tailed Tattler,Tringa brevipes,gyttat1
GTCH,Gray-throated Chat,Granatellus sallaei,grtcha1
GTLE,Gray-throated Leaftosser,Sclerurus albigularis,grtlea1
GRGO,Graylag Goose,Anser anser,gragoo
GANT,Great Antshrike,Taraba major,greant1
GRAU,Great Auk,Pinguinus impennis,greauk
GBHA,Great Black Hawk,Buteogallus urubitinga,grbhaw1
GBBG,Great Black-backed Gull,Larus marinus,gbbgul
GBHE,Great Blue Heron,Ardea herodias,grbher3
GRCO,Great Cormorant,Phalacrocorax carbo,grecor
GCFL,Great Crested Flycatcher,Myiarchus crinitus,grcfly
GCTE,Great Crested Tern,Thalasseus bergii,grcter1
GRCU,Great Curassow,Crax rubra,grecur1
GREG,Great Egret,Ardea alba,greegr
GREF,Great Frigatebird,Fregata minor,grefri
GGOW,Great Gray Owl,Strix nebulosa,grgowl
GGMA,Great Green Macaw,Ara ambiguus,grgmac
GHOW,Great Horned Owl,Bubo virginianus,grhowl
GREJ,Great Jacamar,Jacamerops aureus,grejac2
GKIS,Great Kiskadee,Pitangus sulphuratus,grekis
GRKN,Great Knot,Calidris tenuirostris,grekno
GRLC,Great Lizard-Cuckoo,Coccyzus merlini,grelic1
GRPO,Great Potoo,Nyctibius grandis,grepot1
GRSH,Great Shearwater,Ardenna gravis,greshe
GRSK,Great Skua,Stercorarius skua,gresku1
GSWO,Great Spotted Woodpecker,Dendrocopos major,grswoo
GSTS,Great Swallow-tailed Swift,Panyptila sanctihieronymi,gstswi1
GRTI,Great Tinamou,Tinamus major,gretin1
GTGR,Great-tailed Grackle,Quiscalus mexicanus,grtgra
GRAM,Greater Amakihi,Viridonia sagittirostris,greama
GRTA,Greater Ani,Crotophaga major,greani1
GABU,Greater Antillean Bullfinch,Melopyrrha violacea,grabul1
GAGR,Greater Antillean Grackle,Quiscalus niger,gragra1
GRKF,Greater Koa-Finch,Rhodacanthis palmeri,grkfin
GNLA,Greater Necklaced Laughingthrush,Pterorhinus pectoralis,gnlthr
GRPE,Greater Pewee,Contopus pertinax,grepew
GRPC,Greater Prairie-Chicken,Tympanuchus cupido,grpchi
GRRO,Greater Roadrunner,Geococcyx californianus,greroa
GRSG,Greater Sage-Grouse,Centrocercus urophasianus,saggro
GSAP,Greater Sand-Plover,Anarhynchus leschenaultii,grsplo
GRSC,Greater Scaup,Aythya marila,gresca
GWFG,Greater White-fronted Goose,Anser albifrons,gwfgoo
GRYE,Greater Yellowlegs,Tringa melanoleuca,greyel
GREH,Green Hermit,Phaethornis guy,greher1
GRHE,Green Heron,Butorides virescens,grnher
GRHO,Green Honeycreeper,Chlorophanes spiza,grehon1
GRIB,Green Ibis,Mesembrinibis cayennensis,greibi1
GRJA,Green Jay,Cyanocorax yncas,grnjay
GKIN,Green Kingfisher,Chloroceryle americana,grnkin
GMAK,Green Manakin,Cryptopipo holochlora,greman2
GMAG,Green Mango,Anthracothorax viridis,greman1
GREP,Green Parakeet,Psittacara holochlorus,grnpar
GRSA,Green Sandpiper,Tringa ochropus,grnsan
GRSV,Green Shrike-Vireo,Vireolanius pulchellus,grsvir1
GRET,Green Thorntail,Discosura conversii,gretho1
GARK,Green-and-rufous Kingfisher,Chloroceryle inda,garkin1
GBSP,Green-backed Sparrow,Arremonops chloronotus,grbspa1
GNBM,Green-breasted Mango,Anthracothorax prevostii,gnbman
GBMG,Green-breasted Mountain-gem,Lampornis sybillae,gbmgem1
GCBR,Green-crowned Brilliant,Heliodoxa jacula,grcbri1
GFHU,Green-fronted Hummingbird,Ramosomyia viridifrons,grfhum1
GFRL,Green-fronted Lancebill,Doryfera ludovicae,grflan1
GNTA,Green-naped Tanager,Tangara fucosa,grntan1
GRUP,Green-rumped Parrotlet,Forpus passerinus,grrpar1
GSBR,Green-striped Brushfinch,Arremon virenticeps,gsbfin1
GTTO,Green-tailed Towhee,Pipilo chlorurus,gnttow
GTWA,Green-tailed Warbler,Microligea palustris,grtwar1
GTCA,Green-throated Carib,Eulampis holosericeus,grtcar1
GTMG,Green-throated Mountain-gem,Lampornis viridipallens,gtmgem1
GWTE,Green-winged Teal,Anas crecca,gnwtea
GREL,Greenish Elaenia,Myiopagis viridicata,greela
GRPU,Greenish Puffleg,Haplophaedia aureliae,grepuf1
GRDO,Grenada Dove,Leptotila wellsi,gredov1
GFLY,Grenada Flycatcher,Myiarchus nugator,grefly1
GREW,Grenada Wren,Troglodytes grenadensis,houwre11
GBAN,Groove-billed Ani,Crotophaga sulcirostris,grbani
GUCA,Guadalupe Caracara,Caracara lutosa,guacar2
GUJU,Guadalupe Junco,Junco insularis,daejun2
GUMU,Guadalupe Murrelet,Synthliboramphus hypoleucus,xanmur1
GUSP,Guadalupe Storm-Petrel,Hydrobates macrodactylus,guspet
GUWO,Guadeloupe Woodpecker,Melanerpes herminieri,guawoo1
GUFL,Guatemalan Flicker,Colaptes mexicanoides,norfli1
GUTY,Guatemalan Tyrannulet,Zimmerius vilissimus,paltyr2
GBTE,Gull-billed Tern,Gelochelidon nilotica,gubter2
GUHA,Gundlach's Hawk,Astur gundlachi,gunhaw1
GUSG,Gunnison Sage-Grouse,Centrocercus minimus,gusgro
GYRF,Gyrfalcon,Falco rusticolus,gyrfal
HAWO,Hairy Woodpecker,Leuconotopicus villosus,haiwoo
HAFL,Hammond's Flycatcher,Empidonax hammondii,hamfly
HAWR,Happy Wren,Pheugopedius felix,hapwre1
HADU,Harlequin Duck,Histrionicus histrionicus,harduc
HAEA,Harpy Eagle,Harpia harpyja,hareag1
HAHA,Harris's Hawk,Parabuteo unicinctus,hrshaw
HASP,Harris's Sparrow,Zonotrichia querula,harspa
HAAK,Hawaii Akepa,Loxops coccineus,akepa1
HAAM,Hawaii Amakihi,Chlorodrepanis virens,hawama
HCRE,Hawaii Creeper,Loxops mana,hawcre
HAEL,Hawaii Elepaio,Chasiempis sandwichensis,elepai
HAMA,Hawaii Mamo,Drepanis pacifica,hawmam1
HAOO,Hawaii Oo,Moho nobilis,hawoo
HACO,Hawaiian Coot,Fulica alai,hawcoo
HCRO,Hawaiian Crow,Corvus hawaiiensis,hawcro
HAWD,Hawaiian Duck,Anas wyvilliana,hawduc
HAGO,Hawaiian Goose,Branta sandvicensis,hawgoo
HAWH,Hawaiian Hawk,Buteo solitarius,hawhaw
HAPE,Hawaiian Petrel,Pterodroma sandwichensis,hawpet1
HARA,Hawaiian Rail,Zapornia sandwichensis,hawrai
HAWF,Hawfinch,Coccothraustes coccothraustes,hawfin
HEGU,Heermann's Gull,Larus heermanni,heegul
HELG,Helmeted Guineafowl,Numida meleagris,helgui
HESP,Henslow's Sparrow,Centronyx henslowii,henspa
HETA,Hepatic Tanager,Piranga flava,heptan
HEPE,Herald Petrel,Pterodroma heraldica,herpet2
HETH,Hermit Thrush,Catharus guttatus,herthr
HEWA,Hermit Warbler,Setophaga occidentalis,herwar
HIGU,Highland Guan,Penelopina nigra,higgua1
HITI,Highland Tinamou,Nothocercus bonapartei,higtin1
HISN,Himalayan Snowcock,Tetraogallus himalayensis,himsno
HIAM,Hispaniolan Amazon,Amazona ventralis,hispar1
HICR,Hispaniolan Crossbill,Loxia megaplaga,hiscro
HIEM,Hispaniolan Emerald,Riccordia swainsonii,hiseme1
HIEU,Hispaniolan Euphonia,Chlorophonia musica,anteup2
HILC,Hispaniolan Lizard-Cuckoo,Coccyzus longirostris,hislic1
HIMA,Hispaniolan Mango,Anthracothorax dominicus,antman2
HINI,Hispaniolan Nightjar,Antrostomus ekmani,granig3
HIOR,Hispaniolan Oriole,Icterus dominicensis,graori1
HIPC,Hispaniolan Palm-Crow,Corvus palmarum,palcro1
HIPA,Hispaniolan Parakeet,Psittacara chloropterus,hispar
HIPE,Hispaniolan Pewee,Contopus hispaniolensis,hispew1
HISP,Hispaniolan Spindalis,Spindalis dominicensis,hisspi
HITR,Hispaniolan Trogon,Priotelus roseigaster,histro1
HIWO,Hispaniolan Woodpecker,Melanerpes striatus,hiswoo1
HOWO,Hoffmann's Woodpecker,Melanerpes hoffmannii,hofwoo1
HOEM,Honduran Emerald,Amazilia luciae,honeme1
HOCR,Hooded Crane,Grus monacha,hoocra1
HCRW,Hooded Crow,Corvus cornix,hoocro1
HOOG,Hooded Grosbeak,Hesperiphona abeillei,hoogro1
HOME,Hooded Merganser,Lophodytes cucullatus,hoomer
HOOR,Hooded Oriole,Icterus cucullatus,hooori
HOWA,Hooded Warbler,Setophaga citrina,hoowar
HOYE,Hooded Yellowthroat,Geothlypis nelsoni,hooyel1
HBKI,Hook-billed Kite,Chondrohierax uncinatus,hobkit
HOGR,Horned Grebe,Podiceps auritus,horgre
HOGU,Horned Guan,Oreophasis derbianus,horgua1
HOLA,Horned Lark,Eremophila alpestris,horlar
HOPU,Horned Puffin,Fratercula corniculata,horpuf
HOFI,House Finch,Haemorhous mexicanus,houfin
HOSP,House Sparrow,Passer domesticus,houspa
HUGO,Hudsonian Godwit,Limosa haemastica,hudgod
HUSA,Humboldt's Sapphire,Chrysuronia humboldtii,humsap2
HUVI,Hutton's Vireo,Vireo huttoni,hutvir
ICGU,Iceland Gull,Larus glaucoides,y00478
ICWA,Icterine Warbler,Hippolais icterina,ictwar1
IIWI,Iiwi,Drepanis coccinea,iiwi
IMAM,Imperial Amazon,Amazona imperialis,imppar1
IMWO,Imperial Woodpecker,Campephilus imperialis,impwoo1
INWO,Inagua Woodstar,Nesophlox lyrura,inawoo2
INDO,Inca Dove,Columbina inca,incdov
INTE,Inca Tern,Larosterna inca,incter1
INPE,Indian Peafowl,Pavo cristatus,compea
INSI,Indian Silverbill,Euodice malabarica,indsil
INBU,Indigo Bunting,Passerina cyanea,indbun
ISCA,Island Canary,Serinus canaria,comcan
ISSJ,Island Scrub-Jay,Aphelocoma insularis,issjay
ISWR,Isthmian Wren,Cantorchilus elutus,istwre1
IVGU,Ivory Gull,Pagophila eburnea,ivogul
IBIW,Ivory-billed Woodcreeper,Xiphorhynchus flavigaster,ivbwoo1
IBWO,Ivory-billed Woodpecker,Campephilus principalis,ivbwoo
JABI,Jabiru,Jabiru mycteria,jabiru
JASN,Jack Snipe,Lymnocryptes minimus,jacsni
JABE,Jamaican Becard,Pachyramphus niger,jambec1
JABL,Jamaican Blackbird,Nesopsar nigerrimus,jambla1
JACR,Jamaican Crow,Corvus jamaicensis,jamcro1
JAEL,Jamaican Elaenia,Myiopagis cotta,jamela1
JAEU,Jamaican Euphonia,Euphonia jamaica,jameup1
JALC,Jamaican Lizard-Cuckoo,Coccyzus vetula,jamlic1
JAMA,Jamaican Mango,Anthracothorax mango,jamman1
JAOR,Jamaican Oriole,Icterus leucopteryx,jamori1
JAOW,Jamaican Owl,Asio grammicus,jamowl1
JAPA,Jamaican Pauraque,Siphonorhis americana,jampau
JPET,Jamaican Petrel,Pterodroma caribbaea,bkcpet2
JPEW,Jamaican Pewee,Contopus pallidus,jampew1
JAMS,Jamaican Spindalis,Spindalis nigricephala,jamspi
JATO,Jamaican Tody,Todus todus,jamtod1
JAVI,Jamaican Vireo,Vireo modestus,jamvir1
JAWO,Jamaican Woodpecker,Melanerpes radiolatus,jamwoo1
JBWA,Japanese Bush Warbler,Horornis diphone,jabwar
JAQU,Japanese Quail,Coturnix japonica,japqua
JASP,Java Sparrow,Padda oryzivora,javspa
JEAN,Jet Antbird,Cercomacra nigricans,jetant1
JOPE,Jouanin's Petrel,Bulweria fallax,joupet
JFPE,Juan Fernandez Petrel,Pterodroma externa,jufpet
JUTI,Juniper Titmouse,Baeolophus ridgwayi,juntit1
KAKA,Kakawahie,Paroreomyza flammea,kakawa
KAPH,Kalij Pheasant,Lophura leucomelanos,kalphe
KAWR,Kalinago Wren,Troglodytes martinicensis,cinwre1
KAMA,Kamao,Myadestes myadestinus,kamao
KLWA,Kamchatka Leaf Warbler,Phylloscopus examinandus,arcwar2
KAAK,Kauai Akialoa,Akialoa stejnegeri,greaki4
KAAM,Kauai Amakihi,Chlorodrepanis stejnegeri,kauama
KAEL,Kauai Elepaio,Chasiempis sclateri,elepai5
KANU,Kauai Nukupuu,Hemignathus hanapepe,nukupu2
KAOO,Kauai Oo,Moho braccatus,kauoo
KBMO,Keel-billed Motmot,Electron carinatum,kebmot1
KBTO,Keel-billed Toucan,Ramphastos sulfuratus,kebtou1
KEGU,Kelp Gull,Larus dominicanus,kelgul
KEPL,Kentish Plover,Anarhynchus alexandrinus,kenplo1
KEWA,Kentucky Warbler,Geothlypis formosa,kenwar
KEPE,Kermadec Petrel,Pterodroma neglecta,kerpet
KWQD,Key West Quail-Dove,Geotrygon chrysia,kwqdov
KILL,Killdeer,Charadrius vociferus,killde
KIEI,King Eider,Somateria spectabilis,kineid
KIRA,King Rail,Rallus elegans,kinrai4
KIVU,King Vulture,Sarcoramphus papa,kinvul1
KIOE,Kioea,Chaetoptila angustipluma,kioea
KIWA,Kirtland's Warbler,Setophaga kirtlandii,kirwar
KIMU,Kittlitz's Murrelet,Brachyramphus brevirostris,kitmur
KOGR,Kona Grosbeak,Chloridops kona,kongro
LSFL,La Sagra's Flycatcher,Myiarchus sagrae,lasfly
LSTH,La Selle Thrush,Turdus swalesi,lasthr1
LABD,Labrador Duck,Camptorhynchus labradorius,labduc
LBWO,Ladder-backed Woodpecker,Dryobates scalaris,labwoo
LANH,Lanai Hookbill,Dysmorodrepanis munroi,lanhoo
LATM,Lance-tailed Manakin,Chiroxiphia lanceolata,latman1
LAMO,Lanceolated Monklet,Micromonacha lanceolata,lanmon1
LANW,Lanceolated Warbler,Locustella lanceolata,lanwar
LALO,Lapland Longspur,Calcarius lapponicus,laplon
LBSF,Large-billed Seed-Finch,Sporophila crassirostris,lbsfin1
LBTE,Large-billed Tern,Phaetusa simplex,labter1
LFFI,Large-footed Finch,Pezopetes capitalis,laffin1
LARB,Lark Bunting,Calamospiza melanocorys,larbun
LASP,Lark Sparrow,Chondestes grammacus,larspa
LTTR,Lattice-tailed Trogon,Trogon clathratus,lattro1
LAFA,Laughing Falcon,Herpetotheres cachinnans,laufal1
LAGU,Laughing Gull,Leucophaeus atricilla,laugul
LAVW,Lavender Waxbill,Glaucestrilda caerulescens,lavwax
LAGO,Lawrence's Goldfinch,Spinus lawrencei,lawgol
LAAL,Laysan Albatross,Phoebastria immutabilis,layalb
LAYD,Laysan Duck,Anas laysanensis,layduc
LAFI,Laysan Finch,Telespiza cantans,layfin
LAYH,Laysan Honeycreeper,Himatione fraithii,apapan2
LARA,Laysan Rail,Zapornia palmeri,layrai
LAZB,Lazuli Bunting,Passerina amoena,lazbun
LCSP,LeConte's Sparrow,Ammospiza leconteii,lecspa
LCTH,LeConte's Thrasher,Toxostoma lecontei,lecthr
LESP,Leach's Storm-Petrel,Hydrobates leucorhous,lcspet
LEAU,Least Auklet,Aethia pusilla,leaauk
LEBI,Least Bittern,Botaurus exilis,leabit
LEFL,Least Flycatcher,Empidonax minimus,leafly
LEGR,Least Grebe,Tachybaptus dominicus,leagre
LEPA,Least Pauraque,Siphonorhis brewsteri,leapau1
LESA,Least Sandpiper,Calidris minutilla,leasan
LSTP,Least Storm-Petrel,Hydrobates microsoma,lsspet
LETE,Least Tern,Sternula antillarum,leater1
LSTA,Lemon-spectacled Tanager,Chlorothraupis olivacea,lestan
LEAK,Lesser Akialoa,Akialoa obscura,lesaki
LANB,Lesser Antillean Bullfinch,Loxigilla noctis,leabul1
LAEU,Lesser Antillean Euphonia,Chlorophonia flavifrons,anteup4
LAFL,Lesser Antillean Flycatcher,Myiarchus oberi,leafly1
LAPE,Lesser Antillean Pewee,Contopus latirostris,leapew1
LASA,Lesser Antillean Saltator,Saltator albicollis,leasal1
LASW,Lesser Antillean Swift,Chaetura martinica,leaswi1
LATA,Lesser Antillean Tanager,Stilpnia cucullata,leatan1
LBBG,Lesser Black-backed Gull,Larus fuscus,lbbgul
LEEL,Lesser Elaenia,Elaenia chiriquensis,lesela1
LEFR,Lesser Frigatebird,Fregata ariel,lesfri
LEGO,Lesser Goldfinch,Spinus psaltria,lesgol
LESG,Lesser Greenlet,Pachysylvia decurtata,lesgre1
LEGC,Lesser Ground-Cuckoo,Morococcyx erythropygus,legcuc1
LEKI,Lesser Kiskadee,Philohydor lictor,leskis1
LEKF,Lesser Koa-Finch,Rhodacanthis flaviceps,lekfin
LENI,Lesser Nighthawk,Chordeiles acutipennis,lesnig
LEPC,Lesser Prairie-Chicken,Tympanuchus pallidicinctus,lepchi
LERO,Lesser Roadrunner,Geococcyx velox,lesroa1
LESC,Lesser Scaup,Aythya affinis,lessca
LSTS,Lesser Swallow-tailed Swift,Panyptila cayennensis,lstswi1
LEVI,Lesser Violetear,Colibri cyanotus,lesvio1
LWFG,Lesser White-fronted Goose,Anser erythropus,lwfgoo
LEWH,Lesser Whitethroat,Curruca curruca,leswhi4
LYHV,Lesser Yellow-headed Vulture,Cathartes burrovianus,lyhvul1
LEYE,Lesser Yellowlegs,Tringa flavipes,lesyel
LEMO,Lesson's Motmot,Momotus lessonii,bucmot2
LESE,Lesson's Seedeater,Sporophila bouvronides,lessee2
LEWO,Lewis's Woodpecker,Melanerpes lewis,lewwoo
LMAL,Light-mantled Albatross,Phoebetria palpebrata,limalb1
LCAM,Lilac-crowned Amazon,Amazona finschi,licpar
LIMP,Limpkin,Aramus guarauna,limpki
LISP,Lincoln's Sparrow,Melospiza lincolnii,linspa
LIFG,Lineated Foliage-gleaner,Syndactyla subalaris,lifgle1
LIWO,Lineated Woodpecker,Dryocopus lineatus,linwoo1
LISE,Lined Seedeater,Sporophila lineola,linsee1
LIBI,Little Bittern,Botaurus minutus,litbit1
LBHE,Little Blue Heron,Egretta caerulea,libher
LIBU,Little Bunting,Emberiza pusilla,litbun
LITC,Little Cuckoo,Coccycua minuta,litcuc2
LICU,Little Curlew,Numenius minutus,litcur
LIEG,Little Egret,Egretta garzetta,litegr
LIGU,Little Gull,Hydrocoloeus minutus,litgul
LRPL,Little Ringed Plover,Thinornis dubius,lirplo
LIST,Little Stint,Calidris minuta,litsti
LITE,Little Tern,Sternula albifrons,litter1
LITI,Little Tinamou,Crypturellus soui,littin1
LIWT,Little White-Tern,Gygis microrhyncha,whiter5
LOKI,Loggerhead Kingbird,Tyrannus caudifasciatus,logkin
LOSH,Loggerhead Shrike,Lanius ludovicianus,logshr
LBCU,Long-billed Curlew,Numenius americanus,lobcur
LBDO,Long-billed Dowitcher,Limnodromus scolopaceus,lobdow
LBGN,Long-billed Gnatwren,Ramphocaenus melanurus,lobgna5
LBIH,Long-billed Hermit,Phaethornis longirostris,lobher
LBMU,Long-billed Murrelet,Brachyramphus perdix,lobmur
LBST,Long-billed Starthroat,Heliomaster longirostris,lobsta1
LBTH,Long-billed Thrasher,Toxostoma longirostre,lobthr
LEOW,Long-eared Owl,Asio otus,loeowl
LLBU,Long-legged Buzzard,Buteo rufinus,lolbuz1
LTDU,Long-tailed Duck,Clangula hyemalis,lotduc
LTJA,Long-tailed Jaeger,Stercorarius longicaudus,lotjae
LOTM,Long-tailed Manakin,Chiroxiphia linearis,lotman1
LTSF,Long-tailed Silky-flycatcher,Ptiliogonys caudatus,ltsfly1
LTTY,Long-tailed Tyrant,Colonia colonus,lottyr1
LTWP,Long-tailed Wood-Partridge,Dendrortyx macroura,ltwpar1
LTST,Long-toed Stint,Calidris subminuta,lotsti
LWHA,Long-winged Harrier,Circus buffoni,lowhar1
LOWA,Louisiana Waterthrush,Parkesia motacilla,louwat
LOCO,Lovely Cotinga,Cotinga amabilis,lovcot1
LUHU,Lucifer Hummingbird,Calothorax lucifer,luchum
LUWA,Lucy's Warbler,Leiothlypis luciae,lucwar
MGWA,MacGillivray's Warbler,Geothlypis tolmiei,macwar
MTWO,Magenta-throated Woodstar,Philodice bryantae,matwoo1
MAFR,Magnificent Frigatebird,Fregata magnificens,magfri
MAWA,Magnolia Warbler,Setophaga magnolia,magwar
MAST,Maguari Stork,Ciconia maguari,magsto1
MALL,Mallard,Anas platyrhynchos,mallar3
MACU,Mangrove Cuckoo,Coccyzus minor,mancuc
MAHU,Mangrove Hummingbird,Chrysuronia boucardi,manhum1
MARA,Mangrove Rail,Rallus longirostris,manrai1
MANS,Mangrove Swallow,Tachycineta albilinea,manswa1
MAVI,Mangrove Vireo,Vireo pallens,manvir1
MASH,Manx Shearwater,Puffinus puffinus,manshe
MAGO,Marbled Godwit,Limosa fedoa,margod
MAMU,Marbled Murrelet,Brachyramphus marmoratus,marmur
MAWQ,Marbled Wood-Quail,Odontophorus gujanensis,mawqua1
MASW,Mariana Swiftlet,Aerodramus bartschi,marswi
MASP,Markham's Storm-Petrel,Hydrobates markhami,maspet
MCGD,Maroon-chested Ground Dove,Paraclaravis mondetoura,mcgdov1
MFPA,Maroon-fronted Parrot,Rhynchopsitta terrisi,mafpar1
MASA,Marsh Sandpiper,Tringa stagnatilis,marsan
MAWR,Marsh Wren,Cistothorus palustris,marwre
MAOR,Martinique Oriole,Icterus bonana,marori1
MATH,Martinique Thrasher,Ramphocinclus brachyurus,whbthr3
MABO,Masked Booby,Sula dactylatra,masboo
MADU,Masked Duck,Nomonyx dominicus,masduc
MATI,Masked Tityra,Tityra semifasciata,mastit1
MAAK,Maui Akepa,Loxops ochraceus,akepa3
MAAL,Maui Alauahio,Paroreomyza montana,mauala
MANU,Maui Nukupuu,Hemignathus affinis,nukupu1
MAPA,Maui Parrotbill,Pseudonestor xanthophrys,maupar
MNAK,Maui-nui Akialoa,Akialoa lanaiensis,greaki3
MAAN,Mayan Antthrush,Formicarius moniliger,bkfant2
MKBU,McKay's Bunting,Plectrophenax hyperboreus,mckbun
MEPI,Meadow Pipit,Anthus pratensis,meapip1
MEAM,Mealy Amazon,Amazona farinosa,meapar
MEEG,Medium Egret,Ardea intermedia,integr1
MEBL,Melodious Blackbird,Dives dives,melbla1
MERL,Merlin,Falco columbarius,merlin
MECH,Mexican Chickadee,Poecile sclateri,mexchi
MEDU,Mexican Duck,Anas diazi,mexduc
MEHE,Mexican Hermit,Phaethornis mexicanus,mexher1
MEJA,Mexican Jay,Aphelocoma wollweberi,mexjay4
MEPA,Mexican Parrotlet,Forpus cyanopygius,mexpar1
MESH,Mexican Sheartail,Doricha eliza,mexshe1
MEVI,Mexican Violetear,Colibri thalassinus,grnvie1
MWPW,Mexican Whip-poor-will,Antrostomus arizonae,souwpw1
MEWO,Mexican Woodnymph,Eupherusa ridgwayi,mexwoo1
MGRW,Middendorff's Grasshopper Warbler,Helopsaltes ochotensis,migwar
MASO,Middle American Screech-Owl,Megascops guatemalae,vesowl
MIMA,Military Macaw,Ara militaris,milmac
MILL,Millerbird,Acrocephalus familiaris,miller
MIKI,Mississippi Kite,Ictinia mississippiensis,miskit
MITH,Mistle Thrush,Turdus viscivorus,misthr1
MITY,Mistletoe Tyrannulet,Zimmerius parvus,paltyr3
MIPA,Mitred Parakeet,Psittacara mitratus,mitpar
MOPA,Monk Parakeet,Myiopsitta monachus,monpar
MORO,Montezuma Oropendola,Psarocolius montezuma,monoro1
MONQ,Montezuma Quail,Cyrtonyx montezumae,monqua
MORI,Montserrat Oriole,Icterus oberi,monori1
MOSE,Morelet's Seedeater,Sporophila morelleti,whcsee1
MODU,Mottled Duck,Anas fulvigula,motduc
MOOW,Mottled Owl,Strix virgata,motowl
MOPE,Mottled Petrel,Pterodroma inexpectata,motpet
MOBL,Mountain Bluebird,Sialia currucoides,moublu
MOCH,Mountain Chickadee,Poecile gambeli,mouchi
MOEL,Mountain Elaenia,Elaenia frantzii,mouela1
MOPL,Mountain Plover,Anarhynchus montanus,mouplo
MOUQ,Mountain Quail,Oreortyx pictus,mouqua
MOTH,Mountain Thrush,Turdus plebejus,mourob1
MOTR,Mountain Trogon,Trogon mexicanus,moutro1
MODO,Mourning Dove,Zenaida macroura,moudov
MOWA,Mourning Warbler,Geothlypis philadelphia,mouwar
MCTY,Mouse-colored Tyrannulet,Nesotriccus murinus,y01204
MOAN,Moustached Antwren,Myrmotherula ignota,mouant
MUFL,Mugimaki Flycatcher,Ficedula mugimaki,mugfly
MUPE,Murphy's Petrel,Pterodroma ultima,murpet
MUDU,Muscovy Duck,Cairina moschata,musduc
MUSW,Mute Swan,Cygnus olor,mutswa
NAPA,Nanday Parakeet,Aratinga nenday,bkhpar
NAFL,Narcissus Flycatcher,Ficedula narcissina,narfly2
NBTO,Narrow-billed Tody,Todus angustirostris,nabtod1
NAWA,Nashville Warbler,Leiothlypis ruficapilla,naswar
NATH,Naumann's Thrush,Turdus naumanni,dusthr1
NAWR,Nava's Wren,Hylorchilus navai,navwre1
NABO,Nazca Booby,Sula granti,nazboo1
NESP,Nelson's Sparrow,Ammospiza nelsoni,nstspa
NECO,Neotropic Cormorant,Nannopterum brasilianum,neocor
NESH,Newell's Shearwater,Puffinus newelli,towshe2
NIGR,Nicaraguan Grackle,Quiscalus nicaraguensis,nicgra1
NISF,Nicaraguan Seed-Finch,Sporophila nuttingi,nisfin1
NIWR,Nightingale Wren,Microcerculus philomela,nigwre1
NIFI,Nihoa Finch,Telespiza ultima,nihfin
NOBW,Northern Barred-Woodcreeper,Dendrocolaptes sanctithomae,nobwoo1
NOBT,Northern Beardless-Tyrannulet,Camptostoma imberbe,nobtyr
NOBE,Northern Bentbill,Oncostoma cinereigulare,norben1
NOBO,Northern Bobwhite,Colinus virginianus,norbob
NOBB,Northern Boobook,Ninox japonica,norboo1
NOCA,Northern Cardinal,Cardinalis cardinalis,norcar
NOET,Northern Emerald-Toucanet,Aulacorhynchus prasinus,noremt1
NOFL,Northern Flicker,Colaptes auratus,norfli
NOFU,Northern Fulmar,Fulmarus glacialis,norful
NOGA,Northern Gannet,Morus bassanus,norgan
NOGP,Northern Giant-Petrel,Macronectes halli,norgip1
NOHA,Northern Harrier,Circus hudsonius,norhar2
NHOW,Northern Hawk Owl,Surnia ulula,nohowl
NHWR,Northern House Wren,Troglodytes aedon,houwre
NOJA,Northern Jacana,Jacana spinosa,norjac
NOLA,Northern Lapwing,Vanellus vanellus,norlap
NOMO,Northern Mockingbird,Mimus polyglottos,normoc
NOPA,Northern Parula,Setophaga americana,norpar
NOPI,Northern Pintail,Anas acuta,norpin
NORP,Northern Potoo,Nyctibius jamaicensis,norpot1
NOPO,Northern Pygmy-Owl,Glaucidium gnoma,nopowl
NRBI,Northern Red Bishop,Euplectes franciscanus,orabis1
NRWS,Northern Rough-winged Swallow,Stelgidopteryx serripennis,nrwswa
NSWO,Northern Saw-whet Owl,Aegolius acadicus,nswowl
NOSC,Northern Schiffornis,Schiffornis veraepacis,thlsch2
NOSF,Northern Scrub-Flycatcher,Sublegatus arenarum,nosfly1
NSHO,Northern Shoveler,Spatula clypeata,norsho
NSHR,Northern Shrike,Lanius borealis,norshr4
NOWA,Northern Waterthrush,Parkesia noveboracensis,norwat
NOWH,Northern Wheatear,Oenanthe oenanthe,norwhe
NUWO,Nuttall's Woodpecker,Dryobates nuttallii,nutwoo
NUFL,Nutting's Flycatcher,Myiarchus nuttingi,nutfly1
OAKE,Oahu Akepa,Loxops wolstenholmei,akepa2
OAKI,Oahu Akialoa,Akialoa ellisiana,greaki2
OAAL,Oahu Alauahio,Paroreomyza maculata,oahala
OAAM,Oahu Amakihi,Chlorodrepanis flava,oahama
OAEL,Oahu Elepaio,Chasiempis ibidis,elepai4
OANU,Oahu Nukupuu,Hemignathus lucidus,nukupu3
OAOO,Oahu Oo,Moho apicalis,oahoo
OATI,Oak Titmouse,Baeolophus inornatus,oaktit
OASP,Oaxaca Sparrow,Aimophila notosticta,oaxspa1
OCAN,Ocellated Antbird,Phaenostictus mcleannani,oceant1
OCCR,Ocellated Crake,Rufirallus schomburgkii,ocecra1
OCPO,Ocellated Poorwill,Nyctiphrynus ocellatus,ocepoo1
OCQU,Ocellated Quail,Cyrtonyx ocellatus,ocequa1
OCTH,Ocellated Thrasher,Toxostoma ocellatum,ocethr1
OCTU,Ocellated Turkey,Meleagris ocellata,ocetur1
OCPE,Ochraceous Pewee,Contopus ochraceus,ochpew1
OCWR,Ochraceous Wren,Troglodytes ochraceus,ochwre1
OBFL,Ochre-bellied Flycatcher,Mionectes oleagineus,ocbfly1
OBAN,Ochre-breasted Antpitta,Grallaricula flavirostris,ocbant1
OLOF,Ochre-lored Flatbill,Tolmomyias flaviventris,yebfly3
OTFG,Ochre-throated Foliage-gleaner,Automolus ochrolaemus,btfgle1
OILB,Oilbird,Steatornis caripensis,oilbir1
OLPI,Olivaceous Piculet,Picumnus olivaceus,olipic1
OLWO,Olivaceous Woodcreeper,Sittasomus griseicapillus,oliwoo1
OLSP,Olive Sparrow,Arremonops rufivirgatus,olispa
OLWA,Olive Warbler,Peucedramus taeniatus,oliwar
OBAE,Olive-backed Euphonia,Euphonia gouldi,olbeup1
OBPI,Olive-backed Pipit,Anthus hodgsoni,olbpip
OBQD,Olive-backed Quail-Dove,Leptotrygon veraguensis,obqdov1
OCAW,Olive-capped Warbler,Setophaga pityophila,olcwar1
OCYE,Olive-crowned Yellowthroat,Geothlypis semiflava,olcyel1
OSFL,Olive-sided Flycatcher,Contopus cooperi,olsfly
OSTF,Olive-striped Flycatcher,Mionectes galbinus,olsfly1
OTPA,Olive-throated Parakeet,Eupsittula nana,oltpar1
OLOM,Olomao,Myadestes lanaiensis,olomao
OMAO,Omao,Myadestes obscurus,omao
OCBE,One-colored Becard,Pachyramphus homochrous,oncbec1
ORAO,Orange Oriole,Icterus auratus,oraori1
OBEE,Orange-bellied Euphonia,Euphonia xanthogaster,orbeup1
OBNT,Orange-billed Nightingale-Thrush,Catharus aurantiirostris,obnthr1
OBSP,Orange-billed Sparrow,Arremon aurantiirostris,orbspa1
OBBU,Orange-breasted Bunting,Passerina leclancherii,orbbun1
OBFA,Orange-breasted Falcon,Falco deiroleucus,orbfal1
OCHW,Orange-cheeked Waxbill,Estrilda melpoda,orcwax
OCPA,Orange-chinned Parakeet,Brotogeris jugularis,orcpar
OCMA,Orange-collared Manakin,Manacus aurantiacus,orcman1
OCOR,Orange-crowned Oriole,Icterus auricapillus,orcori1
OCWA,Orange-crowned Warbler,Leiothlypis celata,orcwar
OFPA,Orange-fronted Parakeet,Eupsittula canicularis,orfpar
ORAN,Orangequit,Euneornis campestris,orange1
OROR,Orchard Oriole,Icterus spurius,orcori
ORCU,Oriental Cuckoo,Cuculus optatus,oricuc2
ORGR,Oriental Greenfinch,Chloris sinica,origre
ORPL,Oriental Plover,Anarhynchus veredus,oriplo1
ORPR,Oriental Pratincole,Glareola maldivarum,oripra
ORSO,Oriental Scops-Owl,Otus sunia,orsowl
ORTD,Oriental Turtle-Dove,Streptopelia orientalis,ortdov
ORWA,Oriente Warbler,Teretistris fornsi,oriwar1
ORGO,Orinoco Goose,Oressochen jubatus,origoo1
ORHE,Ornate Hawk-Eagle,Spizaetus ornatus,orheag1
OSPR,Osprey,Pandion haliaetus,osprey
OU,Ou,Psittirostra psittacea,ou
OVEN,Ovenbird,Seiurus aurocapilla,ovenbi1
PAAN,Pacific Antwren,Myrmotherula pacifica,pacant
PAGP,Pacific Golden-Plover,Pluvialis fulva,pagplo
PALO,Pacific Loon,Gavia pacifica,pacloo
PACP,Pacific Parakeet,Psittacara strenuus,pacpar1
PASO,Pacific Screech-Owl,Megascops cooperi,pasowl4
PAWR,Pacific Wren,Troglodytes pacificus,pacwre1
PBCR,Paint-billed Crake,Mustelirallus erythrops,pabcra
PABU,Painted Bunting,Passerina ciris,paibun
PAIP,Painted Parakeet,Pyrrhura picta,paipar2
PARE,Painted Redstart,Myioborus pictus,paired
PBHE,Pale-bellied Hermit,Phaethornis anthophilus,pabher1
PBIW,Pale-billed Woodpecker,Campephilus guatemalensis,pabwoo1
PBSP,Pale-breasted Spinetail,Synallaxis albescens,pabspi1
PEPT,Pale-eyed Pygmy-Tyrant,Atalotriccus pilaris,peptyr1
PVPI,Pale-vented Pigeon,Patagioenas cayennensis,pavpig2
PVTH,Pale-vented Thrush,Turdus obsoletus,pavthr1
PALI,Palila,Loxioides bailleui,palila
PALB,Pallas's Bunting,Emberiza pallasi,palbun
PGWA,Pallas's Grasshopper Warbler,Helopsaltes certhiola,pagwar1
PAGU,Pallas's Gull,Ichthyaetus ichthyaetus,gbhgul2
PLEW,Pallas's Leaf Warbler,Phylloscopus proregulus,palwar5
PARO,Pallas's Rosefinch,Carpodacus roseus,palros2
PATA,Palm Tanager,Thraupis palmarum,paltan1
PAWA,Palm Warbler,Setophaga palmarum,palwar
PALM,Palmchat,Dulus dominicus,palmch1
PAFL,Panama Flycatcher,Myiarchus panamensis,panfly1
PAAU,Parakeet Auklet,Aethia psittacula,parauk
PAJA,Parasitic Jaeger,Stercorarius parasiticus,parjae
PAPE,Parkinson's Petrel,Procellaria parkinsoni,parpet1
PAPI,Passenger Pigeon,Ectopistes migratorius,paspig
PEKI,Pearl Kite,Gampsonyx swainsonii,peakit1
PBCU,Pearly-breasted Cuckoo,Coccyzus euleri,pebcuc1
PETH,Pearly-eyed Thrasher,Margarops fuscatus,peethr1
PEPI,Pechora Pipit,Anthus gustavi,pecpip
PESA,Pectoral Sandpiper,Calidris melanotos,pecsan
PBFI,Peg-billed Finch,Acanthidops bairdi,pebfin1
PECO,Pelagic Cormorant,Urile pelagicus,pelcor
PEFA,Peregrine Falcon,Falco peregrinus,perfal
PEBO,Peruvian Booby,Sula variegata,perboo1
PHAI,Phainopepla,Phainopepla nitens,phaino
PHCU,Pheasant Cuckoo,Dromococcyx phasianellus,phecuc1
PHVI,Philadelphia Vireo,Vireo philadelphicus,phivir
PIPU,Pied Puffbird,Notharchus tectus,piepuf1
PIWT,Pied Water-Tyrant,Fluvicola pica,piwtyr1
PIWH,Pied Wheatear,Oenanthe pleschanka,piewhe1
PBGR,Pied-billed Grebe,Podilymbus podiceps,pibgre
PIGU,Pigeon Guillemot,Cepphus columba,piggui
PILF,Pileated Flycatcher,Xenotriccus mexicanus,pilfly1
PIWO,Pileated Woodpecker,Dryocopus pileatus,pilwoo
PTSN,Pin-tailed Snipe,Gallinago stenura,pitsni
PTWH,Pin-tailed Whydah,Vidua macroura,pitwhy
PIBU,Pine Bunting,Emberiza leucocephalos,pinbun
PINF,Pine Flycatcher,Empidonax affinis,pinfly1
PIGR,Pine Grosbeak,Pinicola enucleator,pingro
PISI,Pine Siskin,Spinus pinus,pinsis
PIWA,Pine Warbler,Setophaga pinus,pinwar
PFGO,Pink-footed Goose,Anser brachyrhynchus,pifgoo
PFSH,Pink-footed Shearwater,Ardenna creatopus,pifshe
PHWA,Pink-headed Warbler,Cardellina versicolor,pihwar1
PIBI,Pinnated Bittern,Botaurus pinnatus,pinbit1
PIJA,Pinyon Jay,Gymnorhinus cyanocephalus,pinjay
PIPL,Piping Plover,Charadrius melodus,pipplo
PIRF,Piratic Flycatcher,Legatus leucophaius,pirfly1
PICH,Pirre Chlorospingus,Chlorospingus inornatus,pibtan1
PIHU,Pirre Hummingbird,Goldmania bella,ruchum1
PIRW,Pirre Warbler,Basileuterus ignotus,pirwar1
PLAN,Plain Antvireo,Dysithamnus mentalis,plaant1
PLCH,Plain Chachalaca,Ortalis vetula,placha
PLAP,Plain Pigeon,Patagioenas inornata,plapig
PBGD,Plain-breasted Ground Dove,Columbina minuta,pbgdov1
PBRW,Plain-brown Woodcreeper,Dendrocincla fuliginosa,plbwoo1
PCST,Plain-capped Starthroat,Heliomaster constantii,plcsta
PCTA,Plain-colored Tanager,Tangara inornata,plctan1
PLHA,Plumbeous Hawk,Cryptoleucopteryx plumbea,pluhaw
PLKI,Plumbeous Kite,Ictinia plumbea,plukit1
PLUP,Plumbeous Pigeon,Patagioenas plumbea,plupig2
PLVI,Plumbeous Vireo,Vireo plumbeus,plsvir
PLUW,Plumbeous Warbler,Setophaga plumbea,pluwar1
POJA,Pomarine Jaeger,Stercorarius pomarinus,pomjae
POUL,Poo-uli,Melamprosops phaeosoma,poouli
PRFA,Prairie Falcon,Falco mexicanus,prafal
PRAW,Prairie Warbler,Setophaga discolor,prawar
PBBA,Prong-billed Barbet,Semnornis frantzii,prbbar1
PROW,Prothonotary Warbler,Protonotaria citrea,prowar
PRPE,Providence Petrel,Pterodroma solandri,solpet1
PUAI,Puaiohi,Myadestes palmeri,puaioh
PRAM,Puerto Rican Amazon,Amazona vittata,purpar1
PRBU,Puerto Rican Bullfinch,Melopyrrha portoricensis,purbul1
PREM,Puerto Rican Emerald,Riccordia maugaeus,pureme1
PREU,Puerto Rican Euphonia,Chlorophonia sclateri,anteup3
PRFL,Puerto Rican Flycatcher,Myiarchus antillarum,purfly1
PRLC,Puerto Rican Lizard-Cuckoo,Coccyzus vieilloti,purlic1
PRMA,Puerto Rican Mango,Anthracothorax aurulentus,antman3
PRNI,Puerto Rican Nightjar,Antrostomus noctitherus,purnig1
PROR,Puerto Rican Oriole,Icterus portoricensis,graori4
PRIO,Puerto Rican Owl,Gymnasio nudipes,prsowl
PRPA,Puerto Rican Parakeet,Psittacara maugei,purpar2
PRSP,Puerto Rican Spindalis,Spindalis portoricensis,purspi
PRTA,Puerto Rican Tanager,Nesospingus speculiferus,purtan1
PRTO,Puerto Rican Tody,Todus mexicanus,purtod1
PRVI,Puerto Rican Vireo,Vireo latimeri,purvir1
PRWO,Puerto Rican Woodpecker,Melanerpes portoricensis,purwoo1
PUFI,Purple Finch,Haemorhous purpureus,purfin
PUGA,Purple Gallinule,Porphyrio martinica,purgal2
PUHE,Purple Heron,Ardea purpurea,purher1
PUHO,Purple Honeycreeper,Cyanerpes caeruleus,purhon1
PUMA,Purple Martin,Progne subis,purmar
PUSA,Purple Sandpiper,Calidris maritima,pursan
PCFA,Purple-crowned Fairy,Heliothryx barroti,pucfai1
PTCA,Purple-throated Carib,Eulampis jugularis,putcar1
PTFR,Purple-throated Fruitcrow,Querula purpurata,putfru1
PTMG,Purple-throated Mountain-gem,Lampornis calolaemus,ptmgem
PTWO,Purple-throated Woodstar,Philodice mitchellii,putwoo1
PBJA,Purplish-backed Jay,Cyanocorax beecheii,pubjay1
PBQD,Purplish-backed Quail-Dove,Zentrygon lawrencii,pbqdov1
PYNU,Pygmy Nuthatch,Sitta pygmaea,pygnut
PYRR,Pyrrhuloxia,Cardinalis sinuatus,pyrrhu
RAZO,Razorbill,Alca torda,razorb
REAV,Red Avadavat,Amandava amandava,redava
RECR,Red Crossbill,Loxia curvirostra,redcro
REJU,Red Junglefowl,Gallus gallus,redjun
REKN,Red Knot,Calidris canutus,redkno
REPH,Red Phalarope,Phalaropus fulicarius,redpha1
RESI,Red Siskin,Spinus cucullatus,redsis1
REWA,Red Warbler,Cardellina rubra,redwar1
RAGM,Red-and-green Macaw,Ara chloropterus,ragmac1
RBSH,Red-backed Shrike,Lanius collurio,rebshr1
RBWO,Red-bellied Woodpecker,Melanerpes carolinus,rebwoo
RBLE,Red-billed Leiothrix,Leiothrix lutea,reblei
RBPI,Red-billed Pigeon,Patagioenas flavirostris,rebpig1
RBSC,Red-billed Scythebill,Campylorhamphus trochilirostris,rebscy1
RBST,Red-billed Streamertail,Trochilus polytmus,stream2
RBTR,Red-billed Tropicbird,Phaethon aethereus,rebtro
RBRC,Red-breasted Chat,Granatellus venustus,rebcha1
RBRM,Red-breasted Meadowlark,Leistes militaris,rebbla1
RBME,Red-breasted Merganser,Mergus serrator,rebmer
RBNU,Red-breasted Nuthatch,Sitta canadensis,rebnut
RBSA,Red-breasted Sapsucker,Sphyrapicus ruber,rebsap
RCMA,Red-capped Manakin,Ceratopipra mentalis,recman1
RCWO,Red-cockaded Woodpecker,Leuconotopicus borealis,recwoo
RCCA,Red-crested Cardinal,Paroaria coronata,reccar
RCAM,Red-crowned Amazon,Amazona viridigenalis,recpar
RCAT,Red-crowned Ant-Tanager,Habia rubica,rcatan1
RCRW,Red-crowned Woodpecker,Melanerpes rubricapillus,recwoo1
REVI,Red-eyed Vireo,Vireo olivaceus,reevir1
RFCO,Red-faced Cormorant,Urile urile,refcor
RFSP,Red-faced Spinetail,Cranioleuca erythrops,refspi1
RFWA,Red-faced Warbler,Cardellina rubrifrons,refwar
RFBL,Red-flanked Bluetail,Tarsiger cyanurus,refblu1
RFBO,Red-footed Booby,Sula sula,refboo
RFFA,Red-footed Falcon,Falco vespertinus,reffal1
RFPA,Red-fronted Parrotlet,Touit costaricensis,refpar1
RHBA,Red-headed Barbet,Eubucco bourcierii,rehbar1
RHTA,Red-headed Tanager,Piranga erythrocephala,rehtan1
RHWO,Red-headed Woodpecker,Melanerpes erythrocephalus,rehwoo
RLHO,Red-legged Honeycreeper,Cyanerpes cyaneus,relhon1
RLKI,Red-legged Kittiwake,Rissa brevirostris,relkit
RLAM,Red-lored Amazon,Amazona autumnalis,relpar10
RMPA,Red-masked Parakeet,Psittacara erythrogenys,rempar
RNSA,Red-naped Sapsucker,Sphyrapicus nuchalis,rensap
RNAM,Red-necked Amazon,Amazona arausiaca,renpar1
RNGR,Red-necked Grebe,Podiceps grisegena,rengre
RNPH,Red-necked Phalarope,Phalaropus lobatus,renpha
RNST,Red-necked Stint,Calidris ruficollis,rensti
RRWO,Red-rumped Woodpecker,Veniliornis kirkii,rerwoo1
RSBL,Red-shouldered Blackbird,Agelaius assimilis,resbla1
RSHA,Red-shouldered Hawk,Buteo lineatus,reshaw
RTHA,Red-tailed Hawk,Buteo jamaicensis,rethaw
RTTR,Red-tailed Tropicbird,Phaethon rubricauda,rettro
RTAT,Red-throated Ant-Tanager,Driophlox fuscicauda,rtatan1
RTCA,Red-throated Caracara,Ibycter americanus,retcar2
RTLO,Red-throated Loon,Gavia stellata,retloo
RTPI,Red-throated Pipit,Anthus cervinus,retpip
RVBU,Red-vented Bulbul,Pycnonotus cafer,revbul
RWBU,Red-whiskered Bulbul,Pycnonotus jocosus,rewbul
RWBL,Red-winged Blackbird,Agelaius phoeniceus,rewbla
REEG,Reddish Egret,Egretta rufescens,redegr
REDH,Redhead,Aythya americana,redhea
REDP,Redpoll,Acanthis flammea,redpol1
REDW,Redwing,Turdus iliacus,redwin
REBU,Reed Bunting,Emberiza schoeniclus,reebun
REQU,Resplendent Quetzal,Pharomachrus mocinno,resque1
RHAU,Rhinoceros Auklet,Cerorhinca monocerata,rhiauk
RIHA,Ridgway's Hawk,Buteo ridgwayi,ridhaw1
RIRA,Ridgway's Rail,Rallus obsoletus,ridrai1
RBGU,Ring-billed Gull,Larus delawarensis,ribgul
RNDU,Ring-necked Duck,Aythya collaris,rinduc
RNEP,Ring-necked Pheasant,Phasianus colchicus,rinphe1
RTAP,Ring-tailed Pigeon,Patagioenas caribaea,ritpig
RIKI,Ringed Kingfisher,Megaceryle torquata,rinkin1
RISP,Ringed Storm-Petrel,Hydrobates hornbyi,rispet1
RIWA,River Warbler,Locustella fluviatilis,eurwar2
RIWR,Riverside Wren,Cantorchilus semibadius,rivwre1
RIHU,Rivoli's Hummingbird,Eugenes fulgens,maghum1
ROHA,Roadside Hawk,Rupornis magnirostris,roahaw
ROPI,Rock Pigeon,Columba livia,rocpig
ROPT,Rock Ptarmigan,Lagopus muta,rocpta1
ROSA,Rock Sandpiper,Calidris ptilocnemis,rocsan
ROWR,Rock Wren,Salpinctes obsoletus,rocwre
ROOK,Rook,Corvus frugilegus,rook1
RBBU,Rose-bellied Bunting,Passerina rositae,robbun1
RBGR,Rose-breasted Grosbeak,Pheucticus ludovicianus,robgro
RRPA,Rose-ringed Parakeet,Psittacula krameri,rorpar
RTBE,Rose-throated Becard,Pachyramphus aglaiae,rotbec
RTTA,Rose-throated Tanager,Piranga roseogularis,rottan1
ROSP,Roseate Spoonbill,Platalea ajaja,rosspo1
ROST,Roseate Tern,Sterna dougallii,roster
ROGO,Ross's Goose,Anser rossii,rosgoo
ROGU,Ross's Gull,Rhodostethia rosea,rosgul
ROTT,Rosy Thrush-Tanager,Rhodinocichla rosea,rottan2
RFLO,Rosy-faced Lovebird,Agapornis roseicollis,peflov
RLHA,Rough-legged Hawk,Buteo lagopus,rolhaw
ROYT,Royal Tern,Thalasseus maximus,royter1
RCKI,Ruby-crowned Kinglet,Corthylio calendula,ruckin
RTHU,Ruby-throated Hummingbird,Archilochus colubris,rthhum
RTOH,Ruby-topaz Hummingbird,Chrysolampis mosquitus,ruthum1
RUCR,Ruddy Crake,Laterallus ruber,rudcra1
RUDU,Ruddy Duck,Oxyura jamaicensis,rudduc
RUFG,Ruddy Foliage-gleaner,Clibanornis rubiginosus,rufgle1
RGDO,Ruddy Ground Dove,Columbina talpacoti,rugdov
RUDP,Ruddy Pigeon,Patagioenas subvinacea,rudpig
RUQD,Ruddy Quail-Dove,Geotrygon montana,ruqdov
RUSH,Ruddy Shelduck,Tadorna ferruginea,rudshe
RUTR,Ruddy Treerunner,Margarornis rubiginosus,rudtre1
RUTU,Ruddy Turnstone,Arenaria interpres,rudtur
RUWO,Ruddy Woodcreeper,Dendrocincla homochroa,rudwoo1
RBSE,Ruddy-breasted Seedeater,Sporophila minuta,rubsee1
RCNT,Ruddy-capped Nightingale-Thrush,Catharus frantzii,rcnthr1
RDTF,Ruddy-tailed Flycatcher,Terenotriccus erythrurus,rutfly2
RTHE,Rufescent Tiger-Heron,Tigrisoma lineatum,ruther1
RUFF,Ruff,Calidris pugnax,ruff
RUGR,Ruffed Grouse,Bonasa umbellus,rufgro
RUHU,Rufous Hummingbird,Selasphorus rufus,rufhum
RMOT,Rufous Motmot,Baryphthengus martii,rufmot1
RMOU,Rufous Mourner,Rhytipterna holerythra,rufmou1
RUNI,Rufous Nightjar,Antrostomus rufus,rufnig1
RUFP,Rufous Piha,Lipaugus unirufus,rufpih1
RUSA,Rufous Sabrewing,Pampa rufa,rufsab1
RAWW,Rufous-and-white Wren,Thryophilus rufalbus,rawwre1
RBRO,Rufous-backed Robin,Turdus rufopalliatus,rubrob
RBAW,Rufous-backed Wren,Campylorhynchus capistratus,runwre4
RBEC,Rufous-bellied Chachalaca,Ortalis wagleri,rubcha1
RBAN,Rufous-breasted Antthrush,Formicarius rufipectus,rubant1
RBHE,Rufous-breasted Hermit,Glaucis hirsutus,rubher
RBSP,Rufous-breasted Spinetail,Synallaxis erythrothorax,rubspi2
RBSW,Rufous-breasted Wren,Pheugopedius rutilus,rubwre1
RBPE,Rufous-browed Peppershrike,Cyclarhis gujanensis,rubpep1
RBTY,Rufous-browed Tyrannulet,Phylloscartes superciliaris,rubtyr1
RBWW,Rufous-browed Wren,Troglodytes rufociliatus,rubwre2
RCBR,Rufous-capped Brushfinch,Atlapetes pileatus,rcbfin1
RCWA,Rufous-capped Warbler,Basileuterus rufifrons,rucwar
RCRO,Rufous-collared Robin,Turdus rufitorques,rucrob1
RCOS,Rufous-collared Sparrow,Zonotrichia capensis,rucspa1
RCRC,Rufous-crested Coquette,Lophornis delattrei,ruccoq1
RCSP,Rufous-crowned Sparrow,Aimophila ruficeps,rucspa
RNWR,Rufous-necked Wood-Rail,Aramides axillaris,rnwrai1
RRAN,Rufous-rumped Antwren,Euchrepomis callinota,rurant1
RFTF,Rufous-tailed Flycatcher,Myiarchus validus,rutfly1
RTAH,Rufous-tailed Hummingbird,Amazilia tzacatl,rtlhum
RTJA,Rufous-tailed Jacamar,Galbula ruficauda,rutjac1
RTRO,Rufous-tailed Robin,Larvivora sibilans,rutrob1
RTSO,Rufous-throated Solitaire,Myadestes genibarbis,rutsol1
RVCH,Rufous-vented Chachalaca,Ortalis ruficauda,ruvcha1
RVGC,Rufous-vented Ground-Cuckoo,Neomorphus geoffroyi,rvgcuc1
RWSP,Rufous-winged Sparrow,Peucaea carpalis,ruwspa
RWTA,Rufous-winged Tanager,Tangara lavinia,ruwtan1
RWWO,Rufous-winged Woodpecker,Piculus simplex,ruwwoo1
RUAN,Russet Antshrike,Thamnistes anabatinus,rusant1
RUNT,Russet Nightingale-Thrush,Catharus occidentalis,runthr1
RCMO,Russet-crowned Motmot,Momotus mexicanus,rucmot1
RCQD,Russet-crowned Quail-Dove,Zentrygon goldmani,rcqdov1
RSWR,Russet-naped Wood-Rail,Aramides albiventris,runwor1
RNAW,Russet-naped Wren,Campylorhynchus humilis,runwre3
RWSC,Russet-winged Schiffornis,Schiffornis stenorhyncha,thlsch4
RUBU,Rustic Bunting,Emberiza rustica,rusbun
RUBL,Rusty Blackbird,Euphagus carolinus,rusbla
RUSP,Rusty Sparrow,Aimophila rufescens,russpa1
RCGS,Rusty-crowned Ground-Sparrow,Melozone kieneri,rcgspa1
RMFL,Rusty-margined Flycatcher,Myiozetetes cayanensis,rumfly1
RWAN,Rusty-winged Antwren,Herpsilochmus frater,ruwant3
SAGU,Sabine's Gull,Xema sabini,sabgul
SADF,Sad Flycatcher,Myiarchus barbirostris,sadfly1
SAFI,Saffron Finch,Sicalis flaveola,saffin
SHPA,Saffron-headed Parrot,Pyrilia pyrilia,sahpar1
SATH,Sage Thrasher,Oreoscoptes montanus,sagthr
SABS,Sagebrush Sparrow,Artemisiospiza nevadensis,sagspa1
SALS,Saltmarsh Sparrow,Ammospiza caudacuta,sstspa
SAAL,Salvin's Albatross,Thalassarche salvini,salalb1
SAVI,San Andres Vireo,Vireo caribaeus,stavir1
SBJA,San Blas Jay,Cyanocorax sanblasianus,sabjay
SAND,Sanderling,Calidris alba,sander
SACR,Sandhill Crane,Antigone canadensis,sancra
SATE,Sandwich Tern,Thalasseus sandvicensis,santer1
SAPA,Sapayoa,Sapayoa aenigma,sapayo1
SHTH,Sapphire-throated Hummingbird,Chrysuronia coeruleogularis,sathum1
SASH,Sargasso Shearwater,Puffinus lherminieri,audshe
SAHA,Savanna Hawk,Buteogallus meridionalis,savhaw1
SAVS,Savannah Sparrow,Passerculus sandwichensis,savspa
SAPH,Say's Phoebe,Sayornis saya,saypho
SCPT,Scale-crested Pygmy-Tyrant,Lophotriccus pileatus,scptyr1
SCAA,Scaled Antpitta,Grallaria guatimalensis,scaant1
SCPI,Scaled Pigeon,Patagioenas speciosa,scapig2
SCQU,Scaled Quail,Callipepla squamata,scaqua
SBRH,Scaly-breasted Hummingbird,Phaeochroa cuvierii,scbhum1
SBMU,Scaly-breasted Munia,Lonchura punctulata,nutman
SBTH,Scaly-breasted Thrasher,Allenia fusca,scbthr
SCBW,Scaly-breasted Wren,Microcerculus marginatus,scbwre1
SNPI,Scaly-naped Pigeon,Patagioenas squamosa,scnpig1
STFG,Scaly-throated Foliage-gleaner,Anabacerthia variegaticeps,stfgle1
STLE,Scaly-throated Leaftosser,Sclerurus guatemalensis,sctlea1
SCIB,Scarlet Ibis,Eudocimus ruber,scaibi
SCMA,Scarlet Macaw,Ara macao,scamac1
SCTA,Scarlet Tanager,Piranga olivacea,scatan
SBTA,Scarlet-browed Tanager,Heterospingus xanthopygius,scbtan2
SRCA,Scarlet-rumped Cacique,Cacicus uropygialis,scrcac1
SCRT,Scarlet-rumped Tanager,Ramphocelus passerinii,y00599
STDA,Scarlet-thighed Dacnis,Dacnis venusta,sctdac1
SCHU,Scintillant Hummingbird,Selasphorus scintilla,scihum1
STFL,Scissor-tailed Flycatcher,Tyrannus forficatus,sctfly
SCSH,Scopoli's Shearwater,Calonectris diomedea,scoshe1
SCOR,Scott's Oriole,Icterus parisorum,scoori
SCMU,Scripps's Murrelet,Synthliboramphus scrippsi,xanmur2
SEUP,Scrub Euphonia,Euphonia affinis,screup1
SCRG,Scrub Greenlet,Hylophilus flavipes,scrgre1
SESP,Seaside Sparrow,Ammospiza maritima,seaspa
SEWA,Sedge Warbler,Acrocephalus schoenobaenus,sedwar1
SEWR,Sedge Wren,Cistothorus stellaris,sedwre1
SEPL,Semipalmated Plover,Charadrius semipalmatus,semplo
SESA,Semipalmated Sandpiper,Calidris pusilla,semsan
SEHA,Semiplumbeous Hawk,Leucopternis semiplumbeus,semhaw
SEMW,Semper's Warbler,Leucopeza semperi,semwar1
SECF,Sepia-capped Flycatcher,Leptopogon amaurocephalus,secfly1
SSHA,Sharp-shinned Hawk,Accipiter striatus,shshaw
STGR,Sharp-tailed Grouse,Tympanuchus phasianellus,shtgro
SPTS,Sharp-tailed Sandpiper,Calidris acuminata,shtsan
STST,Sharp-tailed Streamcreeper,Lochmias nematura,shtstr1
SHAR,Sharpbill,Oxyruncus cristatus,sharpb1
SHHO,Shining Honeycreeper,Cyanerpes lucidus,shihon1
SHCO,Shiny Cowbird,Molothrus bonariensis,shicow
SBDO,Short-billed Dowitcher,Limnodromus griseus,shbdow
SBIG,Short-billed Gull,Larus brachyrhynchus,mewgul2
SBPI,Short-billed Pigeon,Patagioenas nigrirostris,shbpig
SCCO,Short-crested Coquette,Lophornis brachylophus,shccoq
SEOW,Short-eared Owl,Asio flammeus,sheowl
STAL,Short-tailed Albatross,Phoebastria albatrus,shtalb
STHA,Short-tailed Hawk,Buteo brachyurus,shthaw
SHTN,Short-tailed Nighthawk,Lurocalis semitorquatus,shtnig1
STTS,Short-tailed Shearwater,Ardenna tenuirostris,shtshe
STSW,Short-tailed Swift,Chaetura brachyura,shtswi1
SIAC,Siberian Accentor,Prunella montanella,sibacc
SBRO,Siberian Blue Robin,Larvivora cyane,sibrob
SIHM,Siberian House-Martin,Delichon lagopodum,comhom2
SIPI,Siberian Pipit,Anthus japonicus,sibpip1
SIRU,Siberian Rubythroat,Calliope calliope,sibrub
SISP,Siberian Sand-Plover,Anarhynchus mongolus,lessap2
SISW,Sick's Swift,Chaetura meridionalis,sicswi1
SMSP,Sierra Madre Sparrow,Xenospiza baileyi,simspa1
STTA,Silver-throated Tanager,Tangara icterocephala,sittan1
SFTA,Silvery-fronted Tapaculo,Scytalopus argentifrons,siftap1
STHJ,Silvery-throated Jay,Cyanolyca argentigula,sitjay1
SICR,Sinaloa Crow,Corvus sinaloae,sincro1
SIMA,Sinaloa Martin,Progne sinaloae,sinmar1
SIWR,Sinaloa Wren,Thryophilus sinaloa,sinwre1
SIQU,Singing Quail,Dactylortyx thoracicus,sinqua1
SCOG,Slate-colored Grosbeak,Saltator grossus,slcgro1
SCSE,Slate-colored Seedeater,Sporophila schistacea,slcsee1
SCSO,Slate-colored Solitaire,Myadestes unicolor,slcsol1
SHTF,Slate-headed Tody-Flycatcher,Poecilotriccus sylvia,shtfly1
STGN,Slate-throated Gnatcatcher,Polioptila schistaceigula,sltgna1
STRE,Slate-throated Redstart,Myioborus miniatus,sltred
SLAN,Slaty Antwren,Myrmotherula schisticolor,slaant1
SLFI,Slaty Finch,Haplospiza rustica,slafin1
SLFL,Slaty Flowerpiercer,Diglossa plumbea,slaflo1
SLSP,Slaty Spinetail,Synallaxis brachyura,slaspi1
SLVI,Slaty Vireo,Vireo brevipennis,slavir1
SBFF,Slaty-backed Forest-Falcon,Micrastur mirandollei,sbffal1
SBAG,Slaty-backed Gull,Larus schistisagus,slbgul
SBNT,Slaty-backed Nightingale-Thrush,Catharus fuscater,sbnthr1
SBTI,Slaty-breasted Tinamou,Crypturellus boucardi,slbtin1
SLCF,Slaty-capped Flycatcher,Leptopogon superciliaris,slcfly1
STTR,Slaty-tailed Trogon,Trogon massena,slttro1
SWFG,Slaty-winged Foliage-gleaner,Neophilydor fuscipenne,swfgle
SLSH,Slender Sheartail,Doricha enicura,sleshe1
SBCU,Slender-billed Curlew,Numenius tenuirostris,slbcur
SBGR,Slender-billed Grackle,Quiscalus palustris,slbgra1
SBKI,Slender-billed Kite,Helicolestes hamatus,slbkit1
SBEL,Small-billed Elaenia,Elaenia parvirostris,smbela1
SMEW,Smew,Mergellus albellus,smew
SMLO,Smith's Longspur,Calcarius pictus,smilon
SMBW,Smoky-brown Woodpecker,Leuconotopicus fumigatus,smbwoo1
SBAN,Smooth-billed Ani,Crotophaga ani,smbani
SNKI,Snail Kite,Rostrhamus sociabilis,snakit
SNBU,Snow Bunting,Plectrophenax nivalis,snobun
SNGO,Snow Goose,Anser caerulescens,snogoo
SNOC,Snowcap,Microchera albocoronata,snowca1
SNCO,Snowy Cotinga,Carpodectes nitidus,snocot1
SNEG,Snowy Egret,Egretta thula,snoegr
SNOW,Snowy Owl,Bubo scandiacus,snoowl1
SNPL,Snowy Plover,Anarhynchus nivosus,snoplo5
SBEH,Snowy-bellied Hummingbird,Saucerottia edward,snbhum1
SOFL,Social Flycatcher,Myiozetetes similis,socfly1
SODO,Socorro Dove,Zenaida graysoni,socdov1
SOMO,Socorro Mockingbird,Mimus graysoni,socmoc1
SOPA,Socorro Parakeet,Psittacara brevipes,grnpar2
SOCW,Socorro Wren,Troglodytes sissonii,socwre2
SOEA,Solitary Eagle,Buteogallus solitarius,soleag1
SOSA,Solitary Sandpiper,Tringa solitaria,solsan
SOSN,Solitary Snipe,Gallinago solitaria,solsni1
SOSP,Song Sparrow,Melospiza melodia,sonspa
SOTH,Song Thrush,Turdus philomelos,sonthr1
SONW,Song Wren,Cyphorhinus phaeocephalus,sonwre1
SOGR,Sooty Grouse,Dendragapus fuliginosus,soogro1
SOSH,Sooty Shearwater,Ardenna grisea,sooshe
SOTE,Sooty Tern,Onychoprion fuscatus,sooter1
SOOT,Sooty Thrush,Turdus nigrescens,soorob1
SCCH,Sooty-capped Chlorospingus,Chlorospingus pileatus,scbtan1
SFFI,Sooty-faced Finch,Arremon crassirostris,soffin1
SHTY,Sooty-headed Tyrannulet,Phyllomyias griseiceps,sohtyr1
SHEW,Sooty-headed Wren,Pheugopedius spadix,sohwre1
SORA,Sora,Porzana carolina,sora
SPSK,South Polar Skua,Stercorarius maccormicki,sopsku1
SOBT,Southern Beardless-Tyrannulet,Camptostoma obsoletum,sobtyr1
SOBE,Southern Bentbill,Oncostoma olivaceum,souben1
SHOW,Southern House Wren,Troglodytes musculus,houwre4
SOLA,Southern Lapwing,Vanellus chilensis,soulap1
SOMA,Southern Martin,Progne elegans,soumar
SRWS,Southern Rough-winged Swallow,Stelgidopteryx ruficollis,srwswa1
SCHT,Spangle-cheeked Tanager,Tangara dowii,spctan1
SKTH,Sparkling-tailed Hummingbird,Tilmatura dupontii,spthum1
SPMO,Speckled Mourner,Laniocera rufescens,spemou1
SPTA,Speckled Tanager,Ixothraupis guttata,spetan1
SPEI,Spectacled Eider,Somateria fischeri,speeid
SPEO,Spectacled Owl,Pulsatrix perspicillata,speowl1
SPPA,Spectacled Parrotlet,Forpus conspicillatus,spepar1
SPTH,Spectacled Thrush,Turdus nudigenis,baerob1
SFAN,Spiny-faced Antshrike,Xenornis setifrons,spfant1
SBSA,Spoon-billed Sandpiper,Calidris pygmaea,spbsan1
SBBO,Spot-bellied Bobwhite,Colinus leucopogon,crebob2
SBOR,Spot-breasted Oriole,Icterus pectoralis,spbori
SBWP,Spot-breasted Woodpecker,Colaptes punctigula,spbwoo1
SOBW,Spot-breasted Wren,Pheugopedius maculipectus,spbwre1
SPCA,Spot-crowned Antvireo,Dysithamnus puncticeps,spcant1
SCBA,Spot-crowned Barbet,Capito maculicoronatus,spcbar1
SPCE,Spot-crowned Euphonia,Euphonia imitans,spceup1
SCRW,Spot-crowned Woodcreeper,Lepidocolaptes affinis,spcwoo1
SFSW,Spot-fronted Swift,Cypseloides cherriei,spfswi1
SPTN,Spot-tailed Nightjar,Antiurus maculicaudus,sptnig1
SPAN,Spotted Antbird,Hylophylax naevioides,spoant1
SPBA,Spotted Barbtail,Premnoplex brunnescens,spobar1
SPCR,Spotted Crake,Porzana porzana,spocra1
SPDO,Spotted Dove,Spilopelia chinensis,spodov
SPFL,Spotted Flycatcher,Muscicapa striata,spofly1
SPOW,Spotted Owl,Strix occidentalis,spoowl
SPRA,Spotted Rail,Pardirallus maculatus,sporai
SPRE,Spotted Redshank,Tringa erythropus,spored
SPSA,Spotted Sandpiper,Actitis macularius,sposan
SPTO,Spotted Towhee,Pipilo maculatus,spotow
SPWQ,Spotted Wood-Quail,Odontophorus guttatus,spwqua1
SPWO,Spotted Woodcreeper,Xiphorhynchus erythropygius,spowoo1
SPWR,Spotted Wren,Campylorhynchus gularis,spowre1
SPPI,Sprague's Pipit,Anthus spragueii,sprpip
SPGR,Spruce Grouse,Canachites canadensis,sprgro
SKBU,St. Kitts Bullfinch,Melopyrrha grandis,purbul3
SLAM,St. Lucia Amazon,Amazona versicolor,stlpar1
SLBF,St. Lucia Black Finch,Melanospiza richardsoni,slbfin1
SLOR,St. Lucia Oriole,Icterus laudabilis,stlori1
SLTH,St. Lucia Thrasher,Ramphocinclus sanctaeluciae,whbthr4
SLWA,St. Lucia Warbler,Setophaga delicata,stlwar
SLWR,St. Lucia Wren,Troglodytes mesoleucus,houwre8
SVAM,St. Vincent Amazon,Amazona guildingii,stvpar1
SVWR,St. Vincent Wren,Troglodytes musicus,houwre10
STPE,Stejneger's Petrel,Pterodroma longirostris,stepet
STSC,Stejneger's Scoter,Melanitta stejnegeri,whwsco1
STEI,Steller's Eider,Polysticta stelleri,steeid
STJA,Steller's Jay,Cyanocitta stelleri,stejay
STSE,Steller's Sea-Eagle,Haliaeetus pelagicus,stseag
STSA,Stilt Sandpiper,Calidris himantopus,stisan
STOF,Stolid Flycatcher,Myiarchus stolidus,stofly1
SGBW,Straight-billed Woodcreeper,Dendroplex picus,stbwoo2
SBAO,Streak-backed Oriole,Icterus pustulatus,stbori
SBTR,Streak-breasted Treehunter,Thripadectes rufobrunneus,stbtre1
SCHA,Streak-chested Antpitta,Hylopezus perspicillatus,stcant2
STCA,Streak-crowned Antvireo,Dysithamnus striaticeps,stcant1
SHWO,Streak-headed Woodcreeper,Lepidocolaptes souleyetii,sthwoo1
STRF,Streaked Flycatcher,Myiodynastes maculatus,strfly1
SSAL,Streaked Saltator,Saltator striatipectus,strsal1
STRS,Streaked Shearwater,Calonectris leucomelas,strshe
STXE,Streaked Xenops,Xenops rutilans,strxen1
STRH,Striated Heron,Butorides striata,strher2
STCW,Strickland's Woodpecker,Leuconotopicus stricklandi,strwoo
SIBW,Stripe-breasted Wren,Cantorchilus thoracicus,stbwre1
SCHW,Stripe-cheeked Woodpecker,Piculus callopterus,stcwoo1
SHSP,Stripe-headed Sparrow,Peucaea ruficauda,sthspa1
STHM,Stripe-tailed Hummingbird,Eupherusa eximia,stthum1
STHR,Stripe-throated Hermit,Phaethornis striigularis,stther2
STWR,Stripe-throated Wren,Cantorchilus leucopogon,sttwre1
STCU,Striped Cuckoo,Tapera naevia,strcuc1
STRO,Striped Owl,Asio clamator,strowl1
SSPA,Striped Sparrow,Oriturus superciliosus,strspa1
SNBW,Strong-billed Woodcreeper,Xiphocolaptes promeropirhynchus,stbwoo1
SBTS,Stub-tailed Spadebill,Platyrinchus cancrominus,sttspa1
STOW,Stygian Owl,Asio stygius,styowl1
SBFL,Sulphur-bellied Flycatcher,Myiodynastes luteiventris,subfly
SRFL,Sulphur-rumped Flycatcher,Myiobius sulphureipygius,surfly1
SURT,Sulphur-rumped Tanager,Heterospingus rubrifrons,surtan1
SWPA,Sulphur-winged Parakeet,Pyrrhura hoffmanni,suwpar1
SUWR,Sumichrast's Wren,Hylorchilus sumichrasti,sumwre1
SUTA,Summer Tanager,Piranga rubra,sumtan
SUNB,Sunbittern,Eurypyga helias,sunbit1
SUNG,Sungrebe,Heliornis fulica,sungre1
SUSC,Surf Scoter,Melanitta perspicillata,sursco
SURF,Surfbird,Calidris virgata,surfbi
SWHA,Swainson's Hawk,Buteo swainsoni,swahaw
SWTH,Swainson's Thrush,Catharus ustulatus,swathr
SWWA,Swainson's Warbler,Limnothlypis swainsonii,swawar
SWTA,Swallow Tanager,Tersina viridis,swatan1
STGU,Swallow-tailed Gull,Creagrus furcatus,swtgul1
STKI,Swallow-tailed Kite,Elanoides forficatus,swtkit
SWSP,Swamp Sparrow,Melospiza georgiana,swaspa
SSTP,Swinhoe's Storm-Petrel,Hydrobates monorhis,swspet
TACH,Tacarcuna Chlorospingus,Chlorospingus tacarcunae,tabtan1
TATA,Tacarcuna Tapaculo,Scytalopus panamensis,tactap1
TAWA,Tacarcuna Warbler,Basileuterus tacarcunae,thswar9
TAWQ,Tacarcuna Wood-Quail,Odontophorus dialeucos,tawqua1
TAPE,Tahiti Petrel,Pseudobulweria rostrata,tahpet1
TABG,Taiga Bean-Goose,Anser fabalis,taibeg1
TAFL,Taiga Flycatcher,Ficedula albicilla,taifly1
TAHU,Talamanca Hummingbird,Eugenes spectabilis,maghum2
TACR,Tamaulipas Crow,Corvus imparatus,tamcro
TAPO,Tamaulipas Pygmy-Owl,Glaucidium sanchezi,tapowl1
TBFL,Tawny-breasted Flycatcher,Myiobius villosus,tabfly1
TCEU,Tawny-capped Euphonia,Euphonia anneae,taceup1
TCFL,Tawny-chested Flycatcher,Aphanotriccus capitalis,tacfly1
TCNI,Tawny-collared Nightjar,Antrostomus salvini,tacnig1
TCTA,Tawny-crested Tanager,Tachyphonus delatrii,tactan1
TFGN,Tawny-faced Gnatwren,Microbates cinereiventris,tafgna1
TFQU,Tawny-faced Quail,Rhynchortyx cinctus,tafqua1
TSBL,Tawny-shouldered Blackbird,Agelaius humeralis,tasbla
TWWO,Tawny-winged Woodcreeper,Dendrocincla anabatina,tawwoo1
TEST,Temminck's Stint,Calidris temminckii,temsti
TEWA,Tennessee Warbler,Leiothlypis peregrina,tenwar
TESA,Terek Sandpiper,Xenus cinereus,tersan
TBEU,Thick-billed Euphonia,Euphonia laniirostris,thbeup1
TBKI,Thick-billed Kingbird,Tyrannus crassirostris,thbkin
TBLO,Thick-billed Longspur,Rhynchophanes mccownii,mcclon
TBMU,Thick-billed Murre,Uria lomvia,thbmur
TBPA,Thick-billed Parrot,Rhynchopsitta pachyrhyncha,thbpar
TBSF,Thick-billed Seed-Finch,Sporophila funerea,tbsfin1
TBVI,Thick-billed Vireo,Vireo crassirostris,thbvir
TBWA,Thick-billed Warbler,Arundinax aedon,thbwar1
THAN,Thicket Antpitta,Myrmothera dives,thiant1
THTI,Thicket Tinamou,Crypturellus cinnamomeus,thitin1
TWBE,Three-wattled Bellbird,Procnias tricarunculatus,thwbel
TIWR,Timberline Wren,Thryorchilus browni,timwre1
TIHA,Tiny Hawk,Microspizias superciliosus,tinhaw1
TOMO,Tody Motmot,Hylomanes momotula,todmot1
TBHU,Tooth-billed Hummingbird,Androdon aequatorialis,tobhum1
TOTY,Torrent Tyrannulet,Serpophaga cinerea,tortyr1
TOSH,Townsend's Shearwater,Puffinus auricularis,towshe1
TOSO,Townsend's Solitaire,Myadestes townsendi,towsol
TOSP,Townsend's Storm-Petrel,Hydrobates socorroensis,leastp5
TOWA,Townsend's Warbler,Setophaga townsendi,towwar
TRJA,Transvolcanic Jay,Aphelocoma ultramarina,mexjay3
TRPI,Tree Pipit,Anthus trivialis,trepip
TRES,Tree Swallow,Tachycineta bicolor,treswa
TMHU,Tres Marias Hummingbird,Cynanthus lawrencei,brbhum3
TRBL,Tricolored Blackbird,Agelaius tricolor,tribla
TRHE,Tricolored Heron,Egretta tricolor,triher
TRMU,Tricolored Munia,Lonchura malacca,trimun
TRPE,Trindade Petrel,Pterodroma arminjoniana,tripet1
TRSP,Tristram's Storm-Petrel,Hydrobates tristrami,trspet
TRKI,Tropical Kingbird,Tyrannus melancholicus,trokin
TRMO,Tropical Mockingbird,Mimus gilvus,tromoc
TRPA,Tropical Parula,Setophaga pitiayumi,tropar
TRSO,Tropical Screech-Owl,Megascops choliba,trsowl
TRUS,Trumpeter Swan,Cygnus buccinator,truswa
TUDU,Tufted Duck,Aythya fuligula,tufduc
TUFL,Tufted Flycatcher,Mitrephanes phaeocercus,tuffly
TUJA,Tufted Jay,Cyanocorax dickeyi,tufjay1
TUPU,Tufted Puffin,Fratercula cirrhata,tufpuf
TUTI,Tufted Titmouse,Baeolophus bicolor,tuftit
TUBG,Tundra Bean-Goose,Anser serrirostris,tunbeg1
TUSW,Tundra Swan,Cygnus columbianus,tunswa
TUVU,Turkey Vulture,Cathartes aura,turvul
TUCO,Turquoise Cotinga,Cotinga ridgwayi,turcot1
TBMO,Turquoise-browed Motmot,Eumomota superciliosa,tubmot1
TCHU,Turquoise-crowned Hummingbird,Cynanthus doubledayi,brbhum2
TUQD,Tuxtla Quail-Dove,Zentrygon carrikeri,tuqdov1
UAIH,Ula-ai-hawane,Ciridops anna,ulahaw
UNJA,Unicolored Jay,Aphelocoma unicolor,unijay1
UNIC,Uniform Crake,Amaurolimnas concolor,unicra1
USWO,Unspotted Saw-whet Owl,Aegolius ridgwayi,uswowl1
UPSA,Upland Sandpiper,Bartramia longicauda,uplsan
VASE,Variable Seedeater,Sporophila corvina,varsee3
VABU,Varied Bunting,Passerina versicolor,varbun
VASO,Varied Solitaire,Myadestes coloratus,varsol1
VATH,Varied Thrush,Ixoreus naevius,varthr
VAFL,Variegated Flycatcher,Empidonomus varius,varfly
VASW,Vaux's Swift,Chaetura vauxi,vauswi
VEER,Veery,Catharus fuscescens,veery
VEGU,Vega Gull,Larus vegae,veggul1
VESC,Velvet Scoter,Melanitta fusca,whwsco3
VELM,Velvety Manakin,Lepidothrix velutina,bucman1
VETR,Venezuelan Troupial,Icterus icterus,ventro1
VEWR,Veracruz Wren,Campylorhynchus rufinucha,runwre2
VERM,Veraguan Mango,Anthracothorax veraguensis,verman1
VERD,Verdin,Auriparus flaviceps,verdin
VEFL,Vermilion Flycatcher,Pyrocephalus rubinus,verfly
VEHU,Vervain Hummingbird,Mellisuga minima,verhum1
VESP,Vesper Sparrow,Pooecetes gramineus,vesspa
VIWE,Village Weaver,Ploceus cucullatus,vilwea1
VIQD,Violaceous Quail-Dove,Geotrygon violacea,viqdov1
VISA,Violet Sabrewing,Campylopterus hemileucurus,viosab1
VBHU,Violet-bellied Hummingbird,Chlorestes julie,vibhum1
VCAH,Violet-capped Hummingbird,Goldmania violiceps,vichum1
VCHU,Violet-crowned Hummingbird,Ramosomyia violiceps,vichum
VGSW,Violet-green Swallow,Tachycineta thalassina,vigswa
VHHU,Violet-headed Hummingbird,Klais guimeti,vihhum1
VIRA,Virginia Rail,Rallus limicola,virrai
VIWA,Virginia's Warbler,Leiothlypis virginiae,virwar
VIDA,Viridian Dacnis,Dacnis viguieri,virdac1
VITW,Vitelline Warbler,Setophaga vitellina,vitwar1
VOHU,Volcano Hummingbird,Selasphorus flammula,volhum1
VOJU,Volcano Junco,Junco vulcani,voljun1
WATA,Wandering Tattler,Tringa incana,wantat1
WAWE,Warbling White-eye,Zosterops japonicus,warwhe1
WAJA,Wattled Jacana,Jacana jacana,watjac1
WAVA,Waved Albatross,Phoebastria irrorata,wavalb
WBWO,Wedge-billed Woodcreeper,Glyphorynchus spirurus,webwoo1
WRSP,Wedge-rumped Storm-Petrel,Hydrobates tethys,wrspet
WTGF,Wedge-tailed Grass-Finch,Emberizoides herbicola,wtgfin1
WTSA,Wedge-tailed Sabrewing,Pampa curvipennis,wetsab1
WTSH,Wedge-tailed Shearwater,Ardenna pacifica,wetshe
WIWD,West Indian Whistling-Duck,Dendrocygna arborea,wiwduc1
WIWO,West Indian Woodpecker,Melanerpes superciliaris,weiwoo1
WMCH,West Mexican Chachalaca,Ortalis poliocephala,wemcha1
WMEU,West Mexican Euphonia,Euphonia godmani,screup3
WEBL,Western Bluebird,Sialia mexicana,wesblu
WECE,Western Cattle-Egret,Ardea ibis,categr1
WECT,Western Chat-Tanager,Calyptophilus tertius,wectan1
WEFL,Western Flycatcher,Empidonax difficilis,wesfly
WEGR,Western Grebe,Aechmophorus occidentalis,wesgre
WEGU,Western Gull,Larus occidentalis,wesgul
WEHM,Western House-Martin,Delichon urbicum,comhom1
WEKI,Western Kingbird,Tyrannus verticalis,weskin
WMHA,Western Marsh Harrier,Circus aeruginosus,wemhar1
WEME,Western Meadowlark,Sturnella neglecta,wesmea
WERH,Western Reef-Heron,Egretta gularis,werher
WESA,Western Sandpiper,Calidris mauri,wessan
WESO,Western Screech-Owl,Megascops kennicottii,wesowl1
WESP,Western Spindalis,Spindalis zena,wesspi
WETA,Western Tanager,Piranga ludoviciana,westan
WEWP,Western Wood-Pewee,Contopus sordidulus,wewpew
WHAU,Whiskered Auklet,Aethia pygmaea,whiauk
WHSO,Whiskered Screech-Owl,Megascops trichopsis,whsowl1
WHTE,Whiskered Tern,Chlidonias hybrida,whiter2
WHHE,Whistling Heron,Syrigma sibilatrix,whiher1
WHIW,Whistling Warbler,Catharopeza bishopi,whiwar1
WHHA,White Hawk,Pseudastur albicollis,whihaw1
WHIB,White Ibis,Eudocimus albus,whiibi
WHWA,White Wagtail,Motacilla alba,whiwag
WHTH,White's Thrush,Zoothera aurea,scathr2
WBEA,White-bellied Antbird,Myrmeciza longipes,whbant1
WBCH,White-bellied Chachalaca,Ortalis leucogastra,whbcha1
WBEM,White-bellied Emerald,Chlorestes candida,whbeme1
WBMG,White-bellied Mountain-gem,Lampornis hemileucus,wbmgem1
WBWR,White-bellied Wren,Uropsila leucogastra,whbwre1
WBNU,White-breasted Nuthatch,Sitta carolinensis,whbnut
WBWW,White-breasted Wood-Wren,Henicorhina leucosticta,wbwwre1
WBGN,White-browed Gnatcatcher,Polioptila bilineata,trogna2
WCAL,White-capped Albatross,Thalassarche cauta,whcalb1
WCHP,White-cheeked Pintail,Anas bahamensis,whcpin
WCPE,White-chinned Petrel,Procellaria aequinoctialis,whcpet1
WCHS,White-chinned Swift,Cypseloides cryptus,whcswi1
WCTH,White-chinned Thrush,Turdus aurantius,whcthr1
WCOM,White-collared Manakin,Manacus candei,whcman1
WCSW,White-collared Swift,Streptoprocne zonaris,whcswi
WCCO,White-crested Coquette,Lophornis adorabilis,whccoq1
WCEL,White-crested Elaenia,Elaenia albiceps,whcela1
WCRM,White-crowned Manakin,Pseudopipra pipra,whcman2
WCPA,White-crowned Parrot,Pionus senilis,whcpar
WCPI,White-crowned Pigeon,Patagioenas leucocephala,whcpig2
WCSP,White-crowned Sparrow,Zonotrichia leucophrys,whcspa
WECO,White-eared Conebill,Conirostrum leucogenys,whecon1
WEGS,White-eared Ground-Sparrow,Melozone leucotis,whegrs2
WEHU,White-eared Hummingbird,Basilinna leucotis,whehum
WETH,White-eyed Thrush,Turdus jamaicensis,whethr1
WEVI,White-eyed Vireo,Vireo griseus,whevir
WFGS,White-faced Ground-Sparrow,Melozone biarcuata,pregrs1
WFIB,White-faced Ibis,Plegadis chihi,whfibi
WFAQ,White-faced Quail-Dove,Zentrygon albifacies,wfqdov1
WFSP,White-faced Storm-Petrel,Pelagodroma marina,wfspet
WFWD,White-faced Whistling-Duck,Dendrocygna viduata,wfwduc1
WFLA,White-flanked Antwren,Myrmotherula axillaris,whfant2
WFAM,White-fronted Amazon,Amazona albifrons,whfpar1
WFNU,White-fronted Nunbird,Monasa morphoeus,whfnun1
WFRQ,White-fronted Quail-Dove,Geotrygon leucometopia,wfqdov
WFSW,White-fronted Swift,Cypseloides storeri,whfswi1
WFTY,White-fronted Tyrannulet,Acrochordopus zeledoni,roltyr1
WHWO,White-headed Woodpecker,Leuconotopicus albolarvatus,whhwoo
WHWR,White-headed Wren,Campylorhynchus albobrunneus,whhwre1
WLTA,White-lined Tanager,Tachyphonus rufus,whltan1
WLGN,White-lored Gnatcatcher,Polioptila albiloris,whlgna2
WNBR,White-naped Brushfinch,Atlapetes albinucha,wnbfin1
WNSW,White-naped Swift,Streptoprocne semicollaris,whnswi1
WNCR,White-necked Crow,Corvus leucognaphalus,whncro1
WNJA,White-necked Jacobin,Florisuga mellivora,whnjac1
WNPE,White-necked Petrel,Pterodroma cervicalis,whnpet
WNPU,White-necked Puffbird,Notharchus hyperrhynchus,whnpuf2
WRFL,White-ringed Flycatcher,Conopias albovittatus,whrfly
WRMA,White-ruffed Manakin,Corapipo altera,whrman1
WRSA,White-rumped Sandpiper,Calidris fuscicollis,whrsan
WRSH,White-rumped Shama,Copsychus malabaricus,whrsha
WSTA,White-shouldered Tanager,Loriotus luctuosus,whstan1
WSWO,White-striped Woodcreeper,Lepidocolaptes leucogaster,whswoo1
WTEA,White-tailed Eagle,Haliaeetus albicilla,whteag
WTEM,White-tailed Emerald,Microchera chionura,whteme1
WTHA,White-tailed Hawk,Geranoaetus albicaudatus,whthaw
WTAH,White-tailed Hummingbird,Eupherusa poliocerca,whthum1
WTKI,White-tailed Kite,Elanus leucurus,whtkit
WTNI,White-tailed Nightjar,Hydropsalis cayennensis,whtnig1
WTPT,White-tailed Ptarmigan,Lagopus leucura,whtpta1
WTAT,White-tailed Trogon,Trogon chionurus,whttro1
WTTR,White-tailed Tropicbird,Phaethon lepturus,whttro
WTGS,White-thighed Swallow,Atticora tibialis,whtswa1
WTCR,White-throated Crake,Laterallus albigularis,whtcra1
WTFL,White-throated Flycatcher,Empidonax albigularis,whtfly1
WTJA,White-throated Jay,Cyanolyca mirabilis,whtjay1
WTMJ,White-throated Magpie-Jay,Cyanocorax formosus,wtmjay1
WTMG,White-throated Mountain-gem,Lampornis castaneoventris,wtmgem1
WTNE,White-throated Needletail,Hirundapus caudacutus,whtnee
WTST,White-throated Shrike-Tanager,Lanio leucothorax,wtstan1
WTRS,White-throated Spadebill,Platyrinchus mystaceus,whtspa1
WTSP,White-throated Sparrow,Zonotrichia albicollis,whtspa
WTSW,White-throated Swift,Aeronautes saxatalis,whtswi
WTTH,White-throated Thrush,Turdus assimilis,whtrob1
WTTO,White-throated Towhee,Melozone albicollis,whttow1
WTDO,White-tipped Dove,Leptotila verreauxi,whtdov
WTSI,White-tipped Sicklebill,Eutoxeres aquila,whtsic1
WVEU,White-vented Euphonia,Euphonia minuta,whveup1
WVPL,White-vented Plumeleteer,Chalybura buffonii,whvplu1
WWPU,White-whiskered Puffbird,Malacoptila panamensis,whwpuf1
WWBE,White-winged Becard,Pachyramphus polychopterus,whwbec1
WWCR,White-winged Crossbill,Loxia leucoptera,whwcro
WWDO,White-winged Dove,Zenaida asiatica,whwdov
WWPA,White-winged Parakeet,Brotogeris versicolurus,whwpar
WWSC,White-winged Scoter,Melanitta deglandi,whwsco2
WWTA,White-winged Tanager,Piranga leucoptera,whwtan1
WWTE,White-winged Tern,Chlidonias leucopterus,whwter
WWWA,White-winged Warbler,Xenoligea montana,whwwar1
WHOS,Whooper Swan,Cygnus cygnus,whoswa
WHCR,Whooping Crane,Grus americana,whocra
WHMO,Whooping Motmot,Momotus subrufescens,bucmot3
WITU,Wild Turkey,Meleagris gallopavo,wiltur
WILL,Willet,Tringa semipalmata,willet1
WISA,Williamson's Sapsucker,Sphyrapicus thyroideus,wilsap
WIFL,Willow Flycatcher,Empidonax traillii,wilfly
WIPT,Willow Ptarmigan,Lagopus lagopus,wilpta
WILW,Willow Warbler,Phylloscopus trochilus,wlwwar
WIPH,Wilson's Phalarope,Phalaropus tricolor,wilpha
WIPL,Wilson's Plover,Anarhynchus wilsonia,wilplo
WISN,Wilson's Snipe,Gallinago delicata,wilsni1
WISP,Wilson's Storm-Petrel,Oceanites oceanicus,wispet
WIWA,Wilson's Warbler,Cardellina pusilla,wlswar
WTHH,Wine-throated Hummingbird,Selasphorus ellioti,withum1
WBAA,Wing-banded Antbird,Myrmornis torquata,wibant1
WIWR,Winter Wren,Troglodytes hiemalis,winwre3
WODU,Wood Duck,Aix sponsa,wooduc
WOSA,Wood Sandpiper,Tringa glareola,woosan
WOST,Wood Stork,Mycteria americana,woosto
WOTH,Wood Thrush,Hylocichla mustelina,woothr
WOWA,Wood Warbler,Phylloscopus sibilatrix,woowar
WOSJ,Woodhouse's Scrub-Jay,Aphelocoma woodhouseii,wooscj2
WEWA,Worm-eating Warbler,Helmitheros vermivorum,woewar1
WOSP,Worthen's Sparrow,Spizella wortheni,worspa
WRET,Wrenthrush,Zeledonia coronata,wrenth1
WREN,Wrentit,Chamaea fasciata,wrenti
XAHU,Xantus's Hummingbird,Basilinna xantusii,xanhum
YEBI,Yellow Bittern,Botaurus sinensis,yelbit
YEGR,Yellow Grosbeak,Pheucticus chrysopeplus,yelgro
YERA,Yellow Rail,Coturnicops noveboracensis,yelrai
YETY,Yellow Tyrannulet,Capsiempis flaveola,yeltyr1
YBOR,Yellow-backed Oriole,Icterus chrysater,yebori1
YBTA,Yellow-backed Tanager,Hemithraupis flavicollis,yebtan1
YBEL,Yellow-bellied Elaenia,Elaenia flavogaster,yebela1
YBFL,Yellow-bellied Flycatcher,Empidonax flaviventris,yebfly
YBSA,Yellow-bellied Sapsucker,Sphyrapicus varius,yebsap
YBSE,Yellow-bellied Seedeater,Sporophila nigricollis,yebsee1
YBSI,Yellow-bellied Siskin,Spinus xanthogastrus,yebsis1
YBTY,Yellow-bellied Tyrannulet,Ornithion semiflavum,yebtyr1
YBAM,Yellow-billed Amazon,Amazona collaria,yebpar1
YBIC,Yellow-billed Cacique,Amblycercus holosericeus,yebcac1
YBCA,Yellow-billed Cardinal,Paroaria capitata,yebcar
YBCO,Yellow-billed Cotinga,Carpodectes antoniae,yebcot1
YBCU,Yellow-billed Cuckoo,Coccyzus americanus,yebcuc
YBLO,Yellow-billed Loon,Gavia adamsii,yebloo
YBMA,Yellow-billed Magpie,Pica nuttalli,yebmag
YBTE,Yellow-billed Tern,Sternula superciliaris,yebter2
YBSB,Yellow-breasted Bunting,Emberiza aureola,yebbun
YBCH,Yellow-breasted Chat,Icteria virens,yebcha
YBCR,Yellow-breasted Crake,Laterallus flaviventer,yebcra1
YBWB,Yellow-browed Bunting,Emberiza chrysophrys,yebbun1
YBSV,Yellow-browed Shrike-Vireo,Vireolanius eximius,ybsvir1
YBWA,Yellow-browed Warbler,Phylloscopus inornatus,yebwar3
YCPA,Yellow-chevroned Parakeet,Brotogeris chiriri,yecpar
YCCH,Yellow-collared Chlorophonia,Chlorophonia flavirostris,yecchl1
YCAM,Yellow-crowned Amazon,Amazona ochrocephala,ywcpar
YCBI,Yellow-crowned Bishop,Euplectes afer,yecbis
YCEU,Yellow-crowned Euphonia,Euphonia luteicapilla,yeceup1
YCNH,Yellow-crowned Night Heron,Nyctanassa violacea,ycnher
YCTY,Yellow-crowned Tyrannulet,Tyrannulus elatus,yectyr1
YETO,Yellow-eared Toucanet,Selenidera spectabilis,yeetou1
YEJU,Yellow-eyed Junco,Junco phaeonotus,yeejun
YFGR,Yellow-faced Grassquit,Tiaris olivaceus,yefgra1
YFGU,Yellow-footed Gull,Larus livens,yefgul
YFCA,Yellow-fronted Canary,Crithagra mozambica,yefcan
YGBR,Yellow-green Brushfinch,Atlapetes luteoviridis,yegfin1
YGGR,Yellow-green Grosbeak,Caryothraustes canadensis,yeggro1
YGTY,Yellow-green Tyrannulet,Phylloscartes flavovirens,yegtyr1
YGVI,Yellow-green Vireo,Vireo flavoviridis,yegvir
YHAM,Yellow-headed Amazon,Amazona oratrix,yehpar
YHBL,Yellow-headed Blackbird,Xanthocephalus xanthocephalus,yehbla
YHCA,Yellow-headed Caracara,Daptrius chimachima,yehcar1
YHWA,Yellow-headed Warbler,Teretistris fernandinae,yehwar1
YHOB,Yellow-hooded Blackbird,Chrysomus icterocephalus,yehbla2
YLGU,Yellow-legged Gull,Larus michahellis,yelgul1
YLAM,Yellow-lored Amazon,Amazona xantholora,yelpar1
YNAM,Yellow-naped Amazon,Amazona auropalliata,yenpar1
YOFL,Yellow-olive Flatbill,Tolmomyias sulphurescens,yeofly1
YRCA,Yellow-rumped Cacique,Cacicus cela,yercac1
YRWA,Yellow-rumped Warbler,Setophaga coronata,yerwar
YSBL,Yellow-shouldered Blackbird,Agelaius xanthomus,yesbla1
YSGR,Yellow-shouldered Grassquit,Loxipasser anoxanthus,yesgra1
YTOR,Yellow-tailed Oriole,Icterus mesomelas,yetori1
YTBR,Yellow-thighed Brushfinch,Atlapetes tibialis,yetfin1
YTBU,Yellow-throated Bunting,Emberiza elegans,yetbun1
YTCH,Yellow-throated Chlorospingus,Chlorospingus flavigularis,ytbtan1
YTEU,Yellow-throated Euphonia,Euphonia hirundinacea,yeteup1
YTNT,Yellow-throated Nightingale-Thrush,Catharus dryas,spnthr1
YTTO,Yellow-throated Toucan,Ramphastos ambiguus,bkmtou1
YTVI,Yellow-throated Vireo,Vireo flavifrons,yetvir
YTWA,Yellow-throated Warbler,Setophaga dominica,yetwar
YWCA,Yellow-winged Cacique,Cassiculus melanicterus,yewcac1
YWFL,Yellow-winged Flatbill,Tolmomyias flavotectus,yemfly2
YWTA,Yellow-winged Tanager,Thraupis abbas,yewtan1
YWVI,Yellow-winged Vireo,Vireo carmioli,yewvir1
YEFL,Yellowish Flycatcher,Empidonax flavescens,yelfly1
YEPI,Yellowish Pipit,Anthus chii,yelpip2
YUFL,Yucatan Flycatcher,Myiarchus yucatanensis,yucfly1
YUGN,Yucatan Gnatcatcher,Polioptila albiventris,whlgna3
YUJA,Yucatan Jay,Cyanocorax yucatanicus,yucjay1
YUNI,Yucatan Nightjar,Antrostomus badius,yucnig1
YUPO,Yucatan Poorwill,Nyctiphrynus yucatanicus,yucpoo1
YUVI,Yucatan Vireo,Vireo magister,yucvir
YUWO,Yucatan Woodpecker,Melanerpes pygmaeus,yucwoo
YUWR,Yucatan Wren,Campylorhynchus yucatanicus,yucwre1
ZARA,Zapata Rail,Mustelirallus cerverai,zaprai1
ZASP,Zapata Sparrow,Torreornis inexpectata,zapspa1
ZAWR,Zapata Wren,Ferminia cerverai,zapwre1
ZEBD,Zebra Dove,Geopelia striata,zebdov
ZEAN,Zeledon's Antbird,Hafferia zeledoni,zelant1
ZEND,Zenaida Dove,Zenaida aurita,zendov
ZIPE,Zino's Petrel,Pterodroma madeira,madpet
ZTHA,Zone-tailed Hawk,Buteo albonotatus,zothaw
